{
  "players": [
    {
      "id": 1628983,
      "rank": 1,
      "name": "Shai Gilgeous-Alexander",
      "team": "OKC",
      "pos": "G",
      "pts": 32.7,
      "ast": 6.4,
      "trb": 5.0,
      "mp": 34.2,
      "gp": 76,
      "stl": 1.7,
      "blk": 1.0,
      "fgPct": 51.9,
      "fg3Pct": 37.5,
      "ftPct": 89.8
    },
    {
      "id": 203507,
      "rank": 2,
      "name": "Giannis Antetokounmpo",
      "team": "MIL",
      "pos": "F",
      "pts": 30.4,
      "ast": 6.5,
      "trb": 11.9,
      "mp": 34.2,
      "gp": 67,
      "stl": 0.9,
      "blk": 1.2,
      "fgPct": 60.1,
      "fg3Pct": 22.2,
      "ftPct": 61.7
    },
    {
      "id": 203999,
      "rank": 3,
      "name": "Nikola Joki\u0107",
      "team": "DEN",
      "pos": "C",
      "pts": 29.6,
      "ast": 10.2,
      "trb": 12.7,
      "mp": 36.7,
      "gp": 70,
      "stl": 1.8,
      "blk": 0.6,
      "fgPct": 57.6,
      "fg3Pct": 41.7,
      "ftPct": 80.0
    },
    {
      "id": 1630162,
      "rank": 4,
      "name": "Anthony Edwards",
      "team": "MIN",
      "pos": "G",
      "pts": 27.6,
      "ast": 4.5,
      "trb": 5.7,
      "mp": 36.3,
      "gp": 79,
      "stl": 1.2,
      "blk": 0.6,
      "fgPct": 44.7,
      "fg3Pct": 39.5,
      "ftPct": 83.7
    },
    {
      "id": 1628369,
      "rank": 5,
      "name": "Jayson Tatum",
      "team": "BOS",
      "pos": "F-G",
      "pts": 26.8,
      "ast": 6.0,
      "trb": 8.7,
      "mp": 36.4,
      "gp": 72,
      "stl": 1.1,
      "blk": 0.5,
      "fgPct": 45.2,
      "fg3Pct": 34.3,
      "ftPct": 81.4
    },
    {
      "id": 201142,
      "rank": 6,
      "name": "Kevin Durant",
      "team": "PHX",
      "pos": "F",
      "pts": 26.6,
      "ast": 4.2,
      "trb": 6.0,
      "mp": 36.5,
      "gp": 62,
      "stl": 0.8,
      "blk": 1.2,
      "fgPct": 52.7,
      "fg3Pct": 43.0,
      "ftPct": 83.9
    },
    {
      "id": 1630595,
      "rank": 7,
      "name": "Cade Cunningham",
      "team": "DET",
      "pos": "G",
      "pts": 26.1,
      "ast": 9.1,
      "trb": 6.1,
      "mp": 35.0,
      "gp": 70,
      "stl": 1.0,
      "blk": 0.8,
      "fgPct": 46.9,
      "fg3Pct": 35.6,
      "ftPct": 84.6
    },
    {
      "id": 1628973,
      "rank": 8,
      "name": "Jalen Brunson",
      "team": "NYK",
      "pos": "G",
      "pts": 26.0,
      "ast": 7.3,
      "trb": 2.9,
      "mp": 35.4,
      "gp": 65,
      "stl": 0.9,
      "blk": 0.1,
      "fgPct": 48.8,
      "fg3Pct": 38.3,
      "ftPct": 82.1
    },
    {
      "id": 1626164,
      "rank": 9,
      "name": "Devin Booker",
      "team": "PHX",
      "pos": "G",
      "pts": 25.6,
      "ast": 7.1,
      "trb": 4.1,
      "mp": 37.3,
      "gp": 75,
      "stl": 0.9,
      "blk": 0.2,
      "fgPct": 46.1,
      "fg3Pct": 33.2,
      "ftPct": 89.4
    },
    {
      "id": 203081,
      "rank": 10,
      "name": "Damian Lillard",
      "team": "MIL",
      "pos": "G",
      "pts": 24.9,
      "ast": 7.1,
      "trb": 4.7,
      "mp": 36.1,
      "gp": 58,
      "stl": 1.2,
      "blk": 0.2,
      "fgPct": 44.8,
      "fg3Pct": 37.6,
      "ftPct": 92.1
    },
    {
      "id": 201939,
      "rank": 11,
      "name": "Stephen Curry",
      "team": "GSW",
      "pos": "G",
      "pts": 24.5,
      "ast": 6.0,
      "trb": 4.4,
      "mp": 32.2,
      "gp": 70,
      "stl": 1.1,
      "blk": 0.4,
      "fgPct": 44.8,
      "fg3Pct": 39.7,
      "ftPct": 93.3
    },
    {
      "id": 1626157,
      "rank": 12,
      "name": "Karl-Anthony Towns",
      "team": "NYK",
      "pos": "C-F",
      "pts": 24.4,
      "ast": 3.1,
      "trb": 12.8,
      "mp": 35.0,
      "gp": 72,
      "stl": 1.0,
      "blk": 0.7,
      "fgPct": 52.6,
      "fg3Pct": 42.0,
      "ftPct": 82.9
    },
    {
      "id": 2544,
      "rank": 13,
      "name": "LeBron James",
      "team": "LAL",
      "pos": "F",
      "pts": 24.4,
      "ast": 8.2,
      "trb": 7.8,
      "mp": 34.9,
      "gp": 70,
      "stl": 1.0,
      "blk": 0.6,
      "fgPct": 51.3,
      "fg3Pct": 37.6,
      "ftPct": 78.2
    },
    {
      "id": 1629027,
      "rank": 14,
      "name": "Trae Young",
      "team": "ATL",
      "pos": "G",
      "pts": 24.2,
      "ast": 11.6,
      "trb": 3.1,
      "mp": 36.0,
      "gp": 76,
      "stl": 1.2,
      "blk": 0.2,
      "fgPct": 41.1,
      "fg3Pct": 34.0,
      "ftPct": 87.5
    },
    {
      "id": 1630532,
      "rank": 15,
      "name": "Franz Wagner",
      "team": "ORL",
      "pos": "F",
      "pts": 24.2,
      "ast": 4.7,
      "trb": 5.7,
      "mp": 33.7,
      "gp": 60,
      "stl": 1.3,
      "blk": 0.4,
      "fgPct": 46.3,
      "fg3Pct": 29.5,
      "ftPct": 87.1
    },
    {
      "id": 1628378,
      "rank": 16,
      "name": "Donovan Mitchell",
      "team": "CLE",
      "pos": "G",
      "pts": 24.0,
      "ast": 5.0,
      "trb": 4.5,
      "mp": 31.4,
      "gp": 71,
      "stl": 1.3,
      "blk": 0.2,
      "fgPct": 44.3,
      "fg3Pct": 36.8,
      "ftPct": 82.3
    },
    {
      "id": 1629639,
      "rank": 17,
      "name": "Tyler Herro",
      "team": "MIA",
      "pos": "G",
      "pts": 23.9,
      "ast": 5.5,
      "trb": 5.2,
      "mp": 35.4,
      "gp": 77,
      "stl": 0.9,
      "blk": 0.2,
      "fgPct": 47.2,
      "fg3Pct": 37.5,
      "ftPct": 87.8
    },
    {
      "id": 1628368,
      "rank": 18,
      "name": "De'Aaron Fox",
      "team": "SAS",
      "pos": "G",
      "pts": 23.5,
      "ast": 6.3,
      "trb": 4.8,
      "mp": 36.1,
      "gp": 62,
      "stl": 1.5,
      "blk": 0.4,
      "fgPct": 46.3,
      "fg3Pct": 31.0,
      "ftPct": 82.7
    },
    {
      "id": 203897,
      "rank": 19,
      "name": "Zach LaVine",
      "team": "SAC",
      "pos": "G",
      "pts": 23.3,
      "ast": 4.2,
      "trb": 4.3,
      "mp": 35.2,
      "gp": 74,
      "stl": 0.8,
      "blk": 0.2,
      "fgPct": 51.1,
      "fg3Pct": 44.6,
      "ftPct": 82.5
    },
    {
      "id": 201935,
      "rank": 20,
      "name": "James Harden",
      "team": "LAC",
      "pos": "G",
      "pts": 22.8,
      "ast": 8.7,
      "trb": 5.8,
      "mp": 35.3,
      "gp": 79,
      "stl": 1.5,
      "blk": 0.7,
      "fgPct": 41.0,
      "fg3Pct": 35.2,
      "ftPct": 87.4
    },
    {
      "id": 201942,
      "rank": 21,
      "name": "DeMar DeRozan",
      "team": "SAC",
      "pos": "G-F",
      "pts": 22.2,
      "ast": 4.4,
      "trb": 3.9,
      "mp": 35.9,
      "gp": 77,
      "stl": 0.8,
      "blk": 0.4,
      "fgPct": 47.7,
      "fg3Pct": 32.8,
      "ftPct": 85.7
    },
    {
      "id": 1627759,
      "rank": 22,
      "name": "Jaylen Brown",
      "team": "BOS",
      "pos": "G-F",
      "pts": 22.2,
      "ast": 4.5,
      "trb": 5.8,
      "mp": 34.3,
      "gp": 63,
      "stl": 1.2,
      "blk": 0.3,
      "fgPct": 46.3,
      "fg3Pct": 32.4,
      "ftPct": 76.4
    },
    {
      "id": 1628991,
      "rank": 23,
      "name": "Jaren Jackson Jr.",
      "team": "MEM",
      "pos": "F-C",
      "pts": 22.2,
      "ast": 2.0,
      "trb": 5.6,
      "mp": 29.8,
      "gp": 74,
      "stl": 1.2,
      "blk": 1.5,
      "fgPct": 48.8,
      "fg3Pct": 37.5,
      "ftPct": 78.1
    },
    {
      "id": 1626181,
      "rank": 24,
      "name": "Norman Powell",
      "team": "LAC",
      "pos": "G",
      "pts": 21.8,
      "ast": 2.1,
      "trb": 3.2,
      "mp": 32.6,
      "gp": 60,
      "stl": 1.2,
      "blk": 0.2,
      "fgPct": 48.4,
      "fg3Pct": 41.8,
      "ftPct": 80.4
    },
    {
      "id": 1631114,
      "rank": 25,
      "name": "Jalen Williams",
      "team": "OKC",
      "pos": "G-F",
      "pts": 21.6,
      "ast": 5.1,
      "trb": 5.3,
      "mp": 32.4,
      "gp": 69,
      "stl": 1.6,
      "blk": 0.7,
      "fgPct": 48.4,
      "fg3Pct": 36.5,
      "ftPct": 78.9
    },
    {
      "id": 1627750,
      "rank": 26,
      "name": "Jamal Murray",
      "team": "DEN",
      "pos": "G",
      "pts": 21.4,
      "ast": 6.0,
      "trb": 3.9,
      "mp": 36.1,
      "gp": 67,
      "stl": 1.4,
      "blk": 0.5,
      "fgPct": 47.4,
      "fg3Pct": 39.3,
      "ftPct": 88.6
    },
    {
      "id": 1629628,
      "rank": 27,
      "name": "RJ Barrett",
      "team": "TOR",
      "pos": "F-G",
      "pts": 21.1,
      "ast": 5.4,
      "trb": 6.3,
      "mp": 32.2,
      "gp": 58,
      "stl": 0.8,
      "blk": 0.3,
      "fgPct": 46.8,
      "fg3Pct": 35.0,
      "ftPct": 63.0
    },
    {
      "id": 1630224,
      "rank": 28,
      "name": "Jalen Green",
      "team": "HOU",
      "pos": "G",
      "pts": 21.0,
      "ast": 3.4,
      "trb": 4.6,
      "mp": 32.9,
      "gp": 82,
      "stl": 0.9,
      "blk": 0.3,
      "fgPct": 42.3,
      "fg3Pct": 35.4,
      "ftPct": 81.3
    },
    {
      "id": 1629636,
      "rank": 29,
      "name": "Darius Garland",
      "team": "CLE",
      "pos": "G",
      "pts": 20.6,
      "ast": 6.7,
      "trb": 2.9,
      "mp": 30.7,
      "gp": 75,
      "stl": 1.2,
      "blk": 0.1,
      "fgPct": 47.2,
      "fg3Pct": 40.1,
      "ftPct": 87.8
    },
    {
      "id": 1629673,
      "rank": 30,
      "name": "Jordan Poole",
      "team": "WAS",
      "pos": "G",
      "pts": 20.5,
      "ast": 4.5,
      "trb": 3.0,
      "mp": 29.4,
      "gp": 68,
      "stl": 1.3,
      "blk": 0.4,
      "fgPct": 43.2,
      "fg3Pct": 37.8,
      "ftPct": 88.3
    },
    {
      "id": 1629632,
      "rank": 31,
      "name": "Coby White",
      "team": "CHI",
      "pos": "G",
      "pts": 20.4,
      "ast": 4.5,
      "trb": 3.7,
      "mp": 33.1,
      "gp": 74,
      "stl": 0.9,
      "blk": 0.2,
      "fgPct": 45.3,
      "fg3Pct": 37.0,
      "ftPct": 90.2
    },
    {
      "id": 1628970,
      "rank": 32,
      "name": "Miles Bridges",
      "team": "CHA",
      "pos": "F",
      "pts": 20.3,
      "ast": 3.9,
      "trb": 7.5,
      "mp": 31.7,
      "gp": 64,
      "stl": 0.7,
      "blk": 0.7,
      "fgPct": 43.1,
      "fg3Pct": 31.3,
      "ftPct": 87.0
    },
    {
      "id": 1627783,
      "rank": 33,
      "name": "Pascal Siakam",
      "team": "IND",
      "pos": "F",
      "pts": 20.2,
      "ast": 3.4,
      "trb": 6.9,
      "mp": 32.7,
      "gp": 78,
      "stl": 0.9,
      "blk": 0.5,
      "fgPct": 51.9,
      "fg3Pct": 38.9,
      "ftPct": 73.4
    },
    {
      "id": 1630559,
      "rank": 34,
      "name": "Austin Reaves",
      "team": "LAL",
      "pos": "G",
      "pts": 20.2,
      "ast": 5.8,
      "trb": 4.5,
      "mp": 34.9,
      "gp": 73,
      "stl": 1.1,
      "blk": 0.3,
      "fgPct": 46.0,
      "fg3Pct": 37.7,
      "ftPct": 87.7
    },
    {
      "id": 1630567,
      "rank": 35,
      "name": "Scottie Barnes",
      "team": "TOR",
      "pos": "F-G",
      "pts": 19.3,
      "ast": 5.8,
      "trb": 7.7,
      "mp": 32.8,
      "gp": 65,
      "stl": 1.4,
      "blk": 1.0,
      "fgPct": 44.6,
      "fg3Pct": 27.1,
      "ftPct": 75.5
    },
    {
      "id": 1629014,
      "rank": 36,
      "name": "Anfernee Simons",
      "team": "POR",
      "pos": "G",
      "pts": 19.3,
      "ast": 4.8,
      "trb": 2.7,
      "mp": 32.7,
      "gp": 70,
      "stl": 0.9,
      "blk": 0.1,
      "fgPct": 42.6,
      "fg3Pct": 36.3,
      "ftPct": 90.2
    },
    {
      "id": 1630217,
      "rank": 37,
      "name": "Desmond Bane",
      "team": "ORL",
      "pos": "G",
      "pts": 19.2,
      "ast": 5.3,
      "trb": 6.1,
      "mp": 32.0,
      "gp": 69,
      "stl": 1.2,
      "blk": 0.4,
      "fgPct": 48.4,
      "fg3Pct": 39.2,
      "ftPct": 89.4
    },
    {
      "id": 1627734,
      "rank": 38,
      "name": "Domantas Sabonis",
      "team": "SAC",
      "pos": "F-C",
      "pts": 19.1,
      "ast": 6.0,
      "trb": 13.9,
      "mp": 34.7,
      "gp": 70,
      "stl": 0.7,
      "blk": 0.4,
      "fgPct": 59.0,
      "fg3Pct": 41.7,
      "ftPct": 75.4
    },
    {
      "id": 1630578,
      "rank": 39,
      "name": "Alperen Sengun",
      "team": "HOU",
      "pos": "C",
      "pts": 19.1,
      "ast": 4.9,
      "trb": 10.3,
      "mp": 31.5,
      "gp": 76,
      "stl": 1.1,
      "blk": 0.8,
      "fgPct": 49.6,
      "fg3Pct": 23.3,
      "ftPct": 69.2
    },
    {
      "id": 203944,
      "rank": 40,
      "name": "Julius Randle",
      "team": "MIN",
      "pos": "F-C",
      "pts": 18.7,
      "ast": 4.7,
      "trb": 7.1,
      "mp": 32.3,
      "gp": 69,
      "stl": 0.7,
      "blk": 0.2,
      "fgPct": 48.5,
      "fg3Pct": 34.4,
      "ftPct": 80.6
    },
    {
      "id": 1630169,
      "rank": 41,
      "name": "Tyrese Haliburton",
      "team": "IND",
      "pos": "G",
      "pts": 18.6,
      "ast": 9.2,
      "trb": 3.5,
      "mp": 33.6,
      "gp": 73,
      "stl": 1.4,
      "blk": 0.7,
      "fgPct": 47.3,
      "fg3Pct": 38.8,
      "ftPct": 85.1
    },
    {
      "id": 1631101,
      "rank": 42,
      "name": "Shaedon Sharpe",
      "team": "POR",
      "pos": "G",
      "pts": 18.5,
      "ast": 2.8,
      "trb": 4.5,
      "mp": 31.3,
      "gp": 72,
      "stl": 0.9,
      "blk": 0.2,
      "fgPct": 45.2,
      "fg3Pct": 31.1,
      "ftPct": 78.5
    },
    {
      "id": 1630596,
      "rank": 43,
      "name": "Evan Mobley",
      "team": "CLE",
      "pos": "C",
      "pts": 18.5,
      "ast": 3.2,
      "trb": 9.3,
      "mp": 30.5,
      "gp": 71,
      "stl": 0.9,
      "blk": 1.6,
      "fgPct": 55.7,
      "fg3Pct": 37.0,
      "ftPct": 72.5
    },
    {
      "id": 202696,
      "rank": 44,
      "name": "Nikola Vu\u010devi\u0107",
      "team": "CHI",
      "pos": "C",
      "pts": 18.5,
      "ast": 3.5,
      "trb": 10.1,
      "mp": 31.2,
      "gp": 73,
      "stl": 0.8,
      "blk": 0.7,
      "fgPct": 53.0,
      "fg3Pct": 40.2,
      "ftPct": 80.5
    },
    {
      "id": 1629012,
      "rank": 45,
      "name": "Collin Sexton",
      "team": "UTA",
      "pos": "G",
      "pts": 18.4,
      "ast": 4.2,
      "trb": 2.7,
      "mp": 27.9,
      "gp": 63,
      "stl": 0.7,
      "blk": 0.1,
      "fgPct": 48.0,
      "fg3Pct": 40.6,
      "ftPct": 86.5
    },
    {
      "id": 1629008,
      "rank": 46,
      "name": "Michael Porter Jr.",
      "team": "DEN",
      "pos": "F",
      "pts": 18.2,
      "ast": 2.1,
      "trb": 7.0,
      "mp": 33.7,
      "gp": 77,
      "stl": 0.6,
      "blk": 0.5,
      "fgPct": 50.4,
      "fg3Pct": 39.5,
      "ftPct": 76.8
    },
    {
      "id": 1628389,
      "rank": 47,
      "name": "Bam Adebayo",
      "team": "MIA",
      "pos": "C-F",
      "pts": 18.1,
      "ast": 4.3,
      "trb": 9.6,
      "mp": 34.3,
      "gp": 78,
      "stl": 1.3,
      "blk": 0.7,
      "fgPct": 48.5,
      "fg3Pct": 35.7,
      "ftPct": 76.5
    },
    {
      "id": 1628384,
      "rank": 48,
      "name": "OG Anunoby",
      "team": "NYK",
      "pos": "F-G",
      "pts": 18.0,
      "ast": 2.2,
      "trb": 4.8,
      "mp": 36.6,
      "gp": 74,
      "stl": 1.5,
      "blk": 0.9,
      "fgPct": 47.6,
      "fg3Pct": 37.2,
      "ftPct": 81.0
    },
    {
      "id": 203952,
      "rank": 49,
      "name": "Andrew Wiggins",
      "team": "MIA",
      "pos": "F",
      "pts": 18.0,
      "ast": 2.6,
      "trb": 4.5,
      "mp": 30.7,
      "gp": 60,
      "stl": 1.0,
      "blk": 0.8,
      "fgPct": 44.8,
      "fg3Pct": 37.4,
      "ftPct": 76.3
    },
    {
      "id": 1628969,
      "rank": 50,
      "name": "Mikal Bridges",
      "team": "NYK",
      "pos": "G-F",
      "pts": 17.6,
      "ast": 3.7,
      "trb": 3.2,
      "mp": 37.0,
      "gp": 82,
      "stl": 0.9,
      "blk": 0.5,
      "fgPct": 50.0,
      "fg3Pct": 35.4,
      "ftPct": 81.4
    },
    {
      "id": 1628370,
      "rank": 51,
      "name": "Malik Monk",
      "team": "SAC",
      "pos": "G",
      "pts": 17.2,
      "ast": 5.6,
      "trb": 3.8,
      "mp": 31.6,
      "gp": 65,
      "stl": 0.9,
      "blk": 0.6,
      "fgPct": 43.9,
      "fg3Pct": 32.5,
      "ftPct": 86.5
    },
    {
      "id": 1629631,
      "rank": 52,
      "name": "De'Andre Hunter",
      "team": "CLE",
      "pos": "F-G",
      "pts": 17.0,
      "ast": 1.4,
      "trb": 4.0,
      "mp": 27.2,
      "gp": 64,
      "stl": 0.8,
      "blk": 0.2,
      "fgPct": 47.0,
      "fg3Pct": 40.5,
      "ftPct": 84.6
    },
    {
      "id": 1630166,
      "rank": 53,
      "name": "Deni Avdija",
      "team": "POR",
      "pos": "F",
      "pts": 16.9,
      "ast": 3.9,
      "trb": 7.3,
      "mp": 30.0,
      "gp": 72,
      "stl": 1.0,
      "blk": 0.5,
      "fgPct": 47.6,
      "fg3Pct": 36.5,
      "ftPct": 78.0
    },
    {
      "id": 1641718,
      "rank": 54,
      "name": "Keyonte George",
      "team": "UTA",
      "pos": "G",
      "pts": 16.8,
      "ast": 5.6,
      "trb": 3.8,
      "mp": 31.5,
      "gp": 67,
      "stl": 0.7,
      "blk": 0.1,
      "fgPct": 39.1,
      "fg3Pct": 34.3,
      "ftPct": 81.8
    },
    {
      "id": 1627826,
      "rank": 55,
      "name": "Ivica Zubac",
      "team": "LAC",
      "pos": "C",
      "pts": 16.8,
      "ast": 2.7,
      "trb": 12.6,
      "mp": 32.8,
      "gp": 80,
      "stl": 0.7,
      "blk": 1.1,
      "fgPct": 62.8,
      "fg3Pct": 0,
      "ftPct": 66.1
    },
    {
      "id": 1628401,
      "rank": 56,
      "name": "Derrick White",
      "team": "BOS",
      "pos": "G",
      "pts": 16.4,
      "ast": 4.8,
      "trb": 4.5,
      "mp": 33.9,
      "gp": 76,
      "stl": 0.9,
      "blk": 1.1,
      "fgPct": 44.2,
      "fg3Pct": 38.4,
      "ftPct": 83.9
    },
    {
      "id": 1627736,
      "rank": 57,
      "name": "Malik Beasley",
      "team": "DET",
      "pos": "G",
      "pts": 16.3,
      "ast": 1.7,
      "trb": 2.6,
      "mp": 27.8,
      "gp": 82,
      "stl": 0.9,
      "blk": 0.1,
      "fgPct": 43.0,
      "fg3Pct": 41.6,
      "ftPct": 67.9
    },
    {
      "id": 1630170,
      "rank": 58,
      "name": "Devin Vassell",
      "team": "SAS",
      "pos": "G-F",
      "pts": 16.3,
      "ast": 2.9,
      "trb": 4.0,
      "mp": 31.0,
      "gp": 64,
      "stl": 1.3,
      "blk": 0.5,
      "fgPct": 44.3,
      "fg3Pct": 36.8,
      "ftPct": 79.2
    },
    {
      "id": 1631097,
      "rank": 59,
      "name": "Bennedict Mathurin",
      "team": "IND",
      "pos": "G-F",
      "pts": 16.1,
      "ast": 1.9,
      "trb": 5.3,
      "mp": 29.8,
      "gp": 72,
      "stl": 0.7,
      "blk": 0.3,
      "fgPct": 45.8,
      "fg3Pct": 34.0,
      "ftPct": 83.1
    },
    {
      "id": 1626167,
      "rank": 60,
      "name": "Myles Turner",
      "team": "IND",
      "pos": "C-F",
      "pts": 15.6,
      "ast": 1.5,
      "trb": 6.5,
      "mp": 30.2,
      "gp": 72,
      "stl": 0.8,
      "blk": 2.0,
      "fgPct": 48.1,
      "fg3Pct": 39.6,
      "ftPct": 77.3
    },
    {
      "id": 1631128,
      "rank": 61,
      "name": "Christian Braun",
      "team": "DEN",
      "pos": "G",
      "pts": 15.4,
      "ast": 2.6,
      "trb": 5.2,
      "mp": 33.9,
      "gp": 79,
      "stl": 1.1,
      "blk": 0.5,
      "fgPct": 58.0,
      "fg3Pct": 39.7,
      "ftPct": 82.7
    },
    {
      "id": 1626162,
      "rank": 62,
      "name": "Kelly Oubre Jr.",
      "team": "PHI",
      "pos": "F-G",
      "pts": 15.1,
      "ast": 1.8,
      "trb": 6.1,
      "mp": 34.6,
      "gp": 60,
      "stl": 1.5,
      "blk": 0.5,
      "fgPct": 47.0,
      "fg3Pct": 29.3,
      "ftPct": 75.1
    },
    {
      "id": 1628398,
      "rank": 63,
      "name": "Kyle Kuzma",
      "team": "MIL",
      "pos": "F",
      "pts": 14.8,
      "ast": 2.3,
      "trb": 5.7,
      "mp": 29.8,
      "gp": 65,
      "stl": 0.6,
      "blk": 0.3,
      "fgPct": 43.6,
      "fg3Pct": 30.7,
      "ftPct": 63.4
    },
    {
      "id": 1642264,
      "rank": 64,
      "name": "Stephon Castle",
      "team": "SAS",
      "pos": "G",
      "pts": 14.7,
      "ast": 4.1,
      "trb": 3.7,
      "mp": 26.7,
      "gp": 81,
      "stl": 0.9,
      "blk": 0.3,
      "fgPct": 42.8,
      "fg3Pct": 28.5,
      "ftPct": 72.4
    },
    {
      "id": 1630581,
      "rank": 65,
      "name": "Josh Giddey",
      "team": "CHI",
      "pos": "G",
      "pts": 14.6,
      "ast": 7.2,
      "trb": 8.1,
      "mp": 30.2,
      "gp": 70,
      "stl": 1.2,
      "blk": 0.6,
      "fgPct": 46.5,
      "fg3Pct": 37.8,
      "ftPct": 78.1
    },
    {
      "id": 1629656,
      "rank": 66,
      "name": "Quentin Grimes",
      "team": "PHI",
      "pos": "G",
      "pts": 14.6,
      "ast": 3.0,
      "trb": 4.3,
      "mp": 26.8,
      "gp": 75,
      "stl": 1.0,
      "blk": 0.3,
      "fgPct": 46.7,
      "fg3Pct": 38.5,
      "ftPct": 75.7
    },
    {
      "id": 1630202,
      "rank": 67,
      "name": "Payton Pritchard",
      "team": "BOS",
      "pos": "G",
      "pts": 14.3,
      "ast": 3.5,
      "trb": 3.8,
      "mp": 28.4,
      "gp": 80,
      "stl": 0.9,
      "blk": 0.2,
      "fgPct": 47.2,
      "fg3Pct": 40.7,
      "ftPct": 84.5
    },
    {
      "id": 1629675,
      "rank": 68,
      "name": "Naz Reid",
      "team": "MIN",
      "pos": "C-F",
      "pts": 14.2,
      "ast": 2.3,
      "trb": 6.0,
      "mp": 27.5,
      "gp": 80,
      "stl": 0.7,
      "blk": 0.9,
      "fgPct": 46.2,
      "fg3Pct": 37.9,
      "ftPct": 77.6
    },
    {
      "id": 1630700,
      "rank": 69,
      "name": "Dyson Daniels",
      "team": "ATL",
      "pos": "G",
      "pts": 14.1,
      "ast": 4.4,
      "trb": 5.9,
      "mp": 33.8,
      "gp": 76,
      "stl": 3.0,
      "blk": 0.7,
      "fgPct": 49.3,
      "fg3Pct": 34.0,
      "ftPct": 59.3
    },
    {
      "id": 1627832,
      "rank": 70,
      "name": "Fred VanVleet",
      "team": "HOU",
      "pos": "G",
      "pts": 14.1,
      "ast": 5.6,
      "trb": 3.7,
      "mp": 35.2,
      "gp": 60,
      "stl": 1.6,
      "blk": 0.4,
      "fgPct": 37.8,
      "fg3Pct": 34.5,
      "ftPct": 81.0
    },
    {
      "id": 1641708,
      "rank": 71,
      "name": "Amen Thompson",
      "team": "HOU",
      "pos": "G-F",
      "pts": 14.1,
      "ast": 3.8,
      "trb": 8.2,
      "mp": 32.2,
      "gp": 69,
      "stl": 1.4,
      "blk": 1.3,
      "fgPct": 55.7,
      "fg3Pct": 27.5,
      "ftPct": 68.4
    },
    {
      "id": 1628415,
      "rank": 72,
      "name": "Dillon Brooks",
      "team": "HOU",
      "pos": "G-F",
      "pts": 14.0,
      "ast": 1.7,
      "trb": 3.7,
      "mp": 31.8,
      "gp": 75,
      "stl": 0.8,
      "blk": 0.2,
      "fgPct": 42.9,
      "fg3Pct": 39.7,
      "ftPct": 81.8
    },
    {
      "id": 202691,
      "rank": 73,
      "name": "Klay Thompson",
      "team": "DAL",
      "pos": "G",
      "pts": 14.0,
      "ast": 2.0,
      "trb": 3.4,
      "mp": 27.3,
      "gp": 72,
      "stl": 0.7,
      "blk": 0.4,
      "fgPct": 41.2,
      "fg3Pct": 39.1,
      "ftPct": 90.5
    },
    {
      "id": 202699,
      "rank": 74,
      "name": "Tobias Harris",
      "team": "DET",
      "pos": "F",
      "pts": 13.7,
      "ast": 2.2,
      "trb": 5.9,
      "mp": 31.6,
      "gp": 73,
      "stl": 1.0,
      "blk": 0.8,
      "fgPct": 47.7,
      "fg3Pct": 34.5,
      "ftPct": 86.1
    },
    {
      "id": 1628404,
      "rank": 75,
      "name": "Josh Hart",
      "team": "NYK",
      "pos": "G",
      "pts": 13.6,
      "ast": 5.9,
      "trb": 9.6,
      "mp": 37.6,
      "gp": 77,
      "stl": 1.5,
      "blk": 0.4,
      "fgPct": 52.5,
      "fg3Pct": 33.3,
      "ftPct": 77.6
    },
    {
      "id": 1628386,
      "rank": 76,
      "name": "Jarrett Allen",
      "team": "CLE",
      "pos": "C",
      "pts": 13.5,
      "ast": 1.9,
      "trb": 9.7,
      "mp": 28.0,
      "gp": 82,
      "stl": 0.9,
      "blk": 0.9,
      "fgPct": 70.6,
      "fg3Pct": 0,
      "ftPct": 71.8
    },
    {
      "id": 1630168,
      "rank": 77,
      "name": "Onyeka Okongwu",
      "team": "ATL",
      "pos": "F-C",
      "pts": 13.4,
      "ast": 2.3,
      "trb": 8.9,
      "mp": 27.9,
      "gp": 74,
      "stl": 0.9,
      "blk": 0.9,
      "fgPct": 56.7,
      "fg3Pct": 32.4,
      "ftPct": 75.9
    },
    {
      "id": 201566,
      "rank": 78,
      "name": "Russell Westbrook",
      "team": "DEN",
      "pos": "G",
      "pts": 13.3,
      "ast": 6.1,
      "trb": 4.9,
      "mp": 27.9,
      "gp": 75,
      "stl": 1.4,
      "blk": 0.5,
      "fgPct": 44.9,
      "fg3Pct": 32.3,
      "ftPct": 66.1
    },
    {
      "id": 1630230,
      "rank": 79,
      "name": "Naji Marshall",
      "team": "DAL",
      "pos": "F",
      "pts": 13.2,
      "ast": 3.0,
      "trb": 4.8,
      "mp": 27.8,
      "gp": 69,
      "stl": 1.0,
      "blk": 0.2,
      "fgPct": 50.8,
      "fg3Pct": 27.5,
      "ftPct": 81.3
    },
    {
      "id": 1629060,
      "rank": 80,
      "name": "Rui Hachimura",
      "team": "LAL",
      "pos": "F",
      "pts": 13.1,
      "ast": 1.4,
      "trb": 5.0,
      "mp": 31.7,
      "gp": 59,
      "stl": 0.8,
      "blk": 0.4,
      "fgPct": 50.9,
      "fg3Pct": 41.3,
      "ftPct": 77.0
    },
    {
      "id": 203471,
      "rank": 81,
      "name": "Dennis Schr\u00f6der",
      "team": "DET",
      "pos": "G",
      "pts": 13.1,
      "ast": 5.4,
      "trb": 2.6,
      "mp": 28.1,
      "gp": 75,
      "stl": 0.9,
      "blk": 0.2,
      "fgPct": 40.6,
      "fg3Pct": 34.2,
      "ftPct": 83.8
    },
    {
      "id": 201572,
      "rank": 82,
      "name": "Brook Lopez",
      "team": "MIL",
      "pos": "C",
      "pts": 13.0,
      "ast": 1.8,
      "trb": 5.0,
      "mp": 31.8,
      "gp": 80,
      "stl": 0.6,
      "blk": 1.9,
      "fgPct": 50.9,
      "fg3Pct": 37.3,
      "ftPct": 82.6
    },
    {
      "id": 1642259,
      "rank": 83,
      "name": "Alex Sarr",
      "team": "WAS",
      "pos": "C",
      "pts": 13.0,
      "ast": 2.4,
      "trb": 6.5,
      "mp": 27.1,
      "gp": 67,
      "stl": 0.7,
      "blk": 1.5,
      "fgPct": 39.4,
      "fg3Pct": 30.8,
      "ftPct": 67.9
    },
    {
      "id": 1629640,
      "rank": 84,
      "name": "Keldon Johnson",
      "team": "SAS",
      "pos": "F-G",
      "pts": 12.7,
      "ast": 1.6,
      "trb": 4.8,
      "mp": 23.9,
      "gp": 77,
      "stl": 0.6,
      "blk": 0.3,
      "fgPct": 48.2,
      "fg3Pct": 31.8,
      "ftPct": 77.3
    },
    {
      "id": 1630703,
      "rank": 85,
      "name": "Scoot Henderson",
      "team": "POR",
      "pos": "G",
      "pts": 12.7,
      "ast": 5.1,
      "trb": 3.0,
      "mp": 26.7,
      "gp": 66,
      "stl": 1.0,
      "blk": 0.2,
      "fgPct": 41.9,
      "fg3Pct": 35.4,
      "ftPct": 76.7
    },
    {
      "id": 1626156,
      "rank": 86,
      "name": "D'Angelo Russell",
      "team": "BKN",
      "pos": "G",
      "pts": 12.6,
      "ast": 5.1,
      "trb": 2.8,
      "mp": 25.5,
      "gp": 58,
      "stl": 1.0,
      "blk": 0.4,
      "fgPct": 39.0,
      "fg3Pct": 31.4,
      "ftPct": 83.4
    },
    {
      "id": 1642258,
      "rank": 87,
      "name": "Zaccharie Risacher",
      "team": "ATL",
      "pos": "F",
      "pts": 12.6,
      "ast": 1.2,
      "trb": 3.6,
      "mp": 24.6,
      "gp": 75,
      "stl": 0.7,
      "blk": 0.5,
      "fgPct": 45.8,
      "fg3Pct": 35.5,
      "ftPct": 71.1
    },
    {
      "id": 1629660,
      "rank": 88,
      "name": "Ty Jerome",
      "team": "CLE",
      "pos": "G-F",
      "pts": 12.5,
      "ast": 3.4,
      "trb": 2.5,
      "mp": 19.9,
      "gp": 70,
      "stl": 1.1,
      "blk": 0,
      "fgPct": 51.6,
      "fg3Pct": 43.9,
      "ftPct": 87.2
    },
    {
      "id": 1630583,
      "rank": 89,
      "name": "Santi Aldama",
      "team": "MEM",
      "pos": "F-C",
      "pts": 12.5,
      "ast": 2.9,
      "trb": 6.4,
      "mp": 25.5,
      "gp": 65,
      "stl": 0.8,
      "blk": 0.4,
      "fgPct": 48.3,
      "fg3Pct": 36.8,
      "ftPct": 69.1
    },
    {
      "id": 1631099,
      "rank": 90,
      "name": "Keegan Murray",
      "team": "SAC",
      "pos": "F",
      "pts": 12.4,
      "ast": 1.4,
      "trb": 6.7,
      "mp": 34.3,
      "gp": 76,
      "stl": 0.8,
      "blk": 0.9,
      "fgPct": 44.4,
      "fg3Pct": 34.3,
      "ftPct": 83.3
    },
    {
      "id": 203084,
      "rank": 91,
      "name": "Harrison Barnes",
      "team": "SAS",
      "pos": "F",
      "pts": 12.3,
      "ast": 1.7,
      "trb": 3.8,
      "mp": 27.2,
      "gp": 82,
      "stl": 0.5,
      "blk": 0.2,
      "fgPct": 50.8,
      "fg3Pct": 43.3,
      "ftPct": 80.9
    },
    {
      "id": 1641731,
      "rank": 92,
      "name": "Bilal Coulibaly",
      "team": "WAS",
      "pos": "G",
      "pts": 12.3,
      "ast": 3.4,
      "trb": 5.0,
      "mp": 33.0,
      "gp": 59,
      "stl": 1.3,
      "blk": 0.7,
      "fgPct": 42.1,
      "fg3Pct": 28.1,
      "ftPct": 74.6
    },
    {
      "id": 1630183,
      "rank": 93,
      "name": "Jaden McDaniels",
      "team": "MIN",
      "pos": "F",
      "pts": 12.2,
      "ast": 2.0,
      "trb": 5.7,
      "mp": 31.9,
      "gp": 82,
      "stl": 1.3,
      "blk": 0.9,
      "fgPct": 47.7,
      "fg3Pct": 33.0,
      "ftPct": 81.3
    },
    {
      "id": 1627747,
      "rank": 94,
      "name": "Caris LeVert",
      "team": "ATL",
      "pos": "G",
      "pts": 12.1,
      "ast": 3.4,
      "trb": 3.2,
      "mp": 24.9,
      "gp": 64,
      "stl": 0.9,
      "blk": 0.5,
      "fgPct": 46.7,
      "fg3Pct": 37.3,
      "ftPct": 71.0
    },
    {
      "id": 203497,
      "rank": 95,
      "name": "Rudy Gobert",
      "team": "MIN",
      "pos": "C",
      "pts": 12.0,
      "ast": 1.8,
      "trb": 10.9,
      "mp": 33.2,
      "gp": 72,
      "stl": 0.8,
      "blk": 1.4,
      "fgPct": 66.9,
      "fg3Pct": 0,
      "ftPct": 67.4
    },
    {
      "id": 1630598,
      "rank": 96,
      "name": "Aaron Wiggins",
      "team": "OKC",
      "pos": "G",
      "pts": 12.0,
      "ast": 1.8,
      "trb": 3.9,
      "mp": 22.9,
      "gp": 76,
      "stl": 0.8,
      "blk": 0.2,
      "fgPct": 48.8,
      "fg3Pct": 38.3,
      "ftPct": 83.1
    },
    {
      "id": 1631105,
      "rank": 97,
      "name": "Jalen Duren",
      "team": "DET",
      "pos": "C",
      "pts": 11.8,
      "ast": 2.7,
      "trb": 10.3,
      "mp": 26.1,
      "gp": 78,
      "stl": 0.7,
      "blk": 1.1,
      "fgPct": 69.2,
      "fg3Pct": 0,
      "ftPct": 66.9
    },
    {
      "id": 1641764,
      "rank": 98,
      "name": "Brandin Podziemski",
      "team": "GSW",
      "pos": "G",
      "pts": 11.7,
      "ast": 3.4,
      "trb": 5.1,
      "mp": 26.8,
      "gp": 64,
      "stl": 1.1,
      "blk": 0.2,
      "fgPct": 44.5,
      "fg3Pct": 37.2,
      "ftPct": 75.8
    },
    {
      "id": 1628978,
      "rank": 99,
      "name": "Donte DiVincenzo",
      "team": "MIN",
      "pos": "G",
      "pts": 11.7,
      "ast": 3.6,
      "trb": 3.7,
      "mp": 25.9,
      "gp": 62,
      "stl": 1.2,
      "blk": 0.3,
      "fgPct": 42.2,
      "fg3Pct": 39.7,
      "ftPct": 77.8
    },
    {
      "id": 1630557,
      "rank": 100,
      "name": "Corey Kispert",
      "team": "WAS",
      "pos": "F",
      "pts": 11.6,
      "ast": 1.7,
      "trb": 3.0,
      "mp": 26.3,
      "gp": 61,
      "stl": 0.4,
      "blk": 0.2,
      "fgPct": 45.1,
      "fg3Pct": 36.4,
      "ftPct": 85.2
    },
    {
      "id": 1641739,
      "rank": 101,
      "name": "Toumani Camara",
      "team": "POR",
      "pos": "F",
      "pts": 11.3,
      "ast": 2.2,
      "trb": 5.8,
      "mp": 32.7,
      "gp": 78,
      "stl": 1.5,
      "blk": 0.6,
      "fgPct": 45.8,
      "fg3Pct": 37.5,
      "ftPct": 72.2
    },
    {
      "id": 1629018,
      "rank": 102,
      "name": "Gary Trent Jr.",
      "team": "MIL",
      "pos": "G",
      "pts": 11.1,
      "ast": 1.2,
      "trb": 2.3,
      "mp": 25.6,
      "gp": 74,
      "stl": 1.0,
      "blk": 0.1,
      "fgPct": 43.1,
      "fg3Pct": 41.6,
      "ftPct": 84.8
    },
    {
      "id": 1627741,
      "rank": 103,
      "name": "Buddy Hield",
      "team": "GSW",
      "pos": "G",
      "pts": 11.1,
      "ast": 1.6,
      "trb": 3.2,
      "mp": 22.7,
      "gp": 82,
      "stl": 0.8,
      "blk": 0.3,
      "fgPct": 41.7,
      "fg3Pct": 37.0,
      "ftPct": 82.8
    },
    {
      "id": 201950,
      "rank": 104,
      "name": "Jrue Holiday",
      "team": "BOS",
      "pos": "G",
      "pts": 11.1,
      "ast": 3.9,
      "trb": 4.3,
      "mp": 30.6,
      "gp": 62,
      "stl": 1.1,
      "blk": 0.4,
      "fgPct": 44.3,
      "fg3Pct": 35.3,
      "ftPct": 90.9
    },
    {
      "id": 1631117,
      "rank": 105,
      "name": "Walker Kessler",
      "team": "UTA",
      "pos": "C",
      "pts": 11.1,
      "ast": 1.7,
      "trb": 12.2,
      "mp": 30.0,
      "gp": 58,
      "stl": 0.6,
      "blk": 2.4,
      "fgPct": 66.3,
      "fg3Pct": 17.6,
      "ftPct": 52.0
    },
    {
      "id": 1629130,
      "rank": 106,
      "name": "Duncan Robinson",
      "team": "MIA",
      "pos": "F",
      "pts": 11.0,
      "ast": 2.4,
      "trb": 2.3,
      "mp": 24.1,
      "gp": 74,
      "stl": 0.5,
      "blk": 0.1,
      "fgPct": 43.7,
      "fg3Pct": 39.3,
      "ftPct": 88.7
    },
    {
      "id": 203915,
      "rank": 107,
      "name": "Spencer Dinwiddie",
      "team": "DAL",
      "pos": "G",
      "pts": 11.0,
      "ast": 4.4,
      "trb": 2.6,
      "mp": 27.0,
      "gp": 79,
      "stl": 0.9,
      "blk": 0.2,
      "fgPct": 41.6,
      "fg3Pct": 33.4,
      "ftPct": 80.2
    },
    {
      "id": 1627824,
      "rank": 108,
      "name": "Guerschon Yabusele",
      "team": "PHI",
      "pos": "F",
      "pts": 11.0,
      "ast": 2.1,
      "trb": 5.6,
      "mp": 27.1,
      "gp": 70,
      "stl": 0.8,
      "blk": 0.3,
      "fgPct": 50.1,
      "fg3Pct": 38.0,
      "ftPct": 72.5
    },
    {
      "id": 203501,
      "rank": 109,
      "name": "Tim Hardaway Jr.",
      "team": "DET",
      "pos": "G-F",
      "pts": 11.0,
      "ast": 1.6,
      "trb": 2.4,
      "mp": 28.0,
      "gp": 77,
      "stl": 0.5,
      "blk": 0.1,
      "fgPct": 40.6,
      "fg3Pct": 36.8,
      "ftPct": 85.5
    },
    {
      "id": 1641729,
      "rank": 110,
      "name": "Brice Sensabaugh",
      "team": "UTA",
      "pos": "F",
      "pts": 10.9,
      "ast": 1.5,
      "trb": 3.0,
      "mp": 20.2,
      "gp": 71,
      "stl": 0.6,
      "blk": 0.1,
      "fgPct": 45.9,
      "fg3Pct": 42.2,
      "ftPct": 89.0
    },
    {
      "id": 1628960,
      "rank": 111,
      "name": "Grayson Allen",
      "team": "PHX",
      "pos": "G",
      "pts": 10.6,
      "ast": 2.1,
      "trb": 3.0,
      "mp": 24.1,
      "gp": 64,
      "stl": 0.8,
      "blk": 0.3,
      "fgPct": 44.8,
      "fg3Pct": 42.6,
      "ftPct": 81.6
    },
    {
      "id": 1630553,
      "rank": 112,
      "name": "Keon Johnson",
      "team": "BKN",
      "pos": "G",
      "pts": 10.6,
      "ast": 2.2,
      "trb": 3.8,
      "mp": 24.4,
      "gp": 79,
      "stl": 1.0,
      "blk": 0.4,
      "fgPct": 38.9,
      "fg3Pct": 31.4,
      "ftPct": 77.0
    },
    {
      "id": 1626179,
      "rank": 113,
      "name": "Terry Rozier",
      "team": "MIA",
      "pos": "G",
      "pts": 10.6,
      "ast": 2.6,
      "trb": 3.7,
      "mp": 25.9,
      "gp": 64,
      "stl": 0.6,
      "blk": 0.2,
      "fgPct": 39.1,
      "fg3Pct": 29.5,
      "ftPct": 85.2
    },
    {
      "id": 1630167,
      "rank": 114,
      "name": "Obi Toppin",
      "team": "IND",
      "pos": "F",
      "pts": 10.5,
      "ast": 1.6,
      "trb": 4.0,
      "mp": 19.6,
      "gp": 79,
      "stl": 0.6,
      "blk": 0.4,
      "fgPct": 52.9,
      "fg3Pct": 36.5,
      "ftPct": 78.1
    },
    {
      "id": 1630534,
      "rank": 115,
      "name": "Ochai Agbaji",
      "team": "TOR",
      "pos": "G",
      "pts": 10.4,
      "ast": 1.5,
      "trb": 3.8,
      "mp": 27.2,
      "gp": 64,
      "stl": 0.9,
      "blk": 0.5,
      "fgPct": 49.8,
      "fg3Pct": 39.9,
      "ftPct": 70.8
    },
    {
      "id": 1642377,
      "rank": 116,
      "name": "Jaylen Wells",
      "team": "MEM",
      "pos": "F",
      "pts": 10.4,
      "ast": 1.7,
      "trb": 3.4,
      "mp": 25.9,
      "gp": 79,
      "stl": 0.6,
      "blk": 0.1,
      "fgPct": 42.5,
      "fg3Pct": 35.2,
      "ftPct": 82.2
    },
    {
      "id": 202685,
      "rank": 117,
      "name": "Jonas Valan\u010di\u016bnas",
      "team": "SAC",
      "pos": "C",
      "pts": 10.4,
      "ast": 2.0,
      "trb": 7.7,
      "mp": 18.8,
      "gp": 81,
      "stl": 0.5,
      "blk": 0.6,
      "fgPct": 55.0,
      "fg3Pct": 21.6,
      "ftPct": 87.9
    },
    {
      "id": 1629651,
      "rank": 118,
      "name": "Nic Claxton",
      "team": "BKN",
      "pos": "C",
      "pts": 10.3,
      "ast": 2.2,
      "trb": 7.4,
      "mp": 26.9,
      "gp": 70,
      "stl": 0.9,
      "blk": 1.4,
      "fgPct": 56.3,
      "fg3Pct": 23.8,
      "ftPct": 51.3
    },
    {
      "id": 1629645,
      "rank": 119,
      "name": "Kevin Porter Jr.",
      "team": "MIL",
      "pos": "G-F",
      "pts": 10.3,
      "ast": 3.4,
      "trb": 3.7,
      "mp": 19.8,
      "gp": 75,
      "stl": 1.1,
      "blk": 0.2,
      "fgPct": 44.9,
      "fg3Pct": 31.1,
      "ftPct": 76.9
    },
    {
      "id": 1626145,
      "rank": 120,
      "name": "Tyus Jones",
      "team": "PHX",
      "pos": "G",
      "pts": 10.2,
      "ast": 5.3,
      "trb": 2.4,
      "mp": 26.8,
      "gp": 81,
      "stl": 0.9,
      "blk": 0.1,
      "fgPct": 44.8,
      "fg3Pct": 41.4,
      "ftPct": 89.5
    },
    {
      "id": 1630198,
      "rank": 121,
      "name": "Isaiah Joe",
      "team": "OKC",
      "pos": "G",
      "pts": 10.2,
      "ast": 1.6,
      "trb": 2.6,
      "mp": 21.7,
      "gp": 74,
      "stl": 0.6,
      "blk": 0.1,
      "fgPct": 44.0,
      "fg3Pct": 41.2,
      "ftPct": 82.1
    },
    {
      "id": 1627884,
      "rank": 122,
      "name": "Derrick Jones Jr.",
      "team": "LAC",
      "pos": "F",
      "pts": 10.1,
      "ast": 0.8,
      "trb": 3.4,
      "mp": 24.3,
      "gp": 77,
      "stl": 1.0,
      "blk": 0.4,
      "fgPct": 52.6,
      "fg3Pct": 35.6,
      "ftPct": 70.3
    },
    {
      "id": 1629652,
      "rank": 123,
      "name": "Luguentz Dort",
      "team": "OKC",
      "pos": "G",
      "pts": 10.1,
      "ast": 1.6,
      "trb": 4.1,
      "mp": 29.2,
      "gp": 71,
      "stl": 1.1,
      "blk": 0.5,
      "fgPct": 43.5,
      "fg3Pct": 41.2,
      "ftPct": 71.7
    },
    {
      "id": 1641709,
      "rank": 124,
      "name": "Ausar Thompson",
      "team": "DET",
      "pos": "G-F",
      "pts": 10.1,
      "ast": 2.3,
      "trb": 5.1,
      "mp": 22.5,
      "gp": 59,
      "stl": 1.7,
      "blk": 0.7,
      "fgPct": 53.5,
      "fg3Pct": 22.4,
      "ftPct": 64.1
    },
    {
      "id": 1629614,
      "rank": 125,
      "name": "Andrew Nembhard",
      "team": "IND",
      "pos": "G-F",
      "pts": 10.0,
      "ast": 5.0,
      "trb": 3.3,
      "mp": 28.9,
      "gp": 65,
      "stl": 1.2,
      "blk": 0.2,
      "fgPct": 45.8,
      "fg3Pct": 29.1,
      "ftPct": 79.4
    },
    {
      "id": 1630533,
      "rank": 126,
      "name": "Ziaire Williams",
      "team": "BKN",
      "pos": "F",
      "pts": 10.0,
      "ast": 1.3,
      "trb": 4.6,
      "mp": 24.5,
      "gp": 63,
      "stl": 1.0,
      "blk": 0.4,
      "fgPct": 41.2,
      "fg3Pct": 34.1,
      "ftPct": 82.1
    },
    {
      "id": 1630577,
      "rank": 127,
      "name": "Julian Champagnie",
      "team": "SAS",
      "pos": "F",
      "pts": 9.9,
      "ast": 1.4,
      "trb": 3.9,
      "mp": 23.6,
      "gp": 82,
      "stl": 0.7,
      "blk": 0.4,
      "fgPct": 41.5,
      "fg3Pct": 37.1,
      "ftPct": 90.4
    },
    {
      "id": 1627777,
      "rank": 128,
      "name": "Georges Niang",
      "team": "ATL",
      "pos": "F",
      "pts": 9.9,
      "ast": 1.4,
      "trb": 3.4,
      "mp": 21.5,
      "gp": 79,
      "stl": 0.4,
      "blk": 0.2,
      "fgPct": 46.1,
      "fg3Pct": 40.6,
      "ftPct": 79.3
    },
    {
      "id": 1628989,
      "rank": 129,
      "name": "Kevin Huerter",
      "team": "CHI",
      "pos": "G-F",
      "pts": 9.9,
      "ast": 2.3,
      "trb": 3.0,
      "mp": 24.3,
      "gp": 69,
      "stl": 1.0,
      "blk": 0.3,
      "fgPct": 42.5,
      "fg3Pct": 33.8,
      "ftPct": 71.4
    },
    {
      "id": 1630590,
      "rank": 130,
      "name": "Scotty Pippen Jr.",
      "team": "MEM",
      "pos": "G",
      "pts": 9.9,
      "ast": 4.4,
      "trb": 3.3,
      "mp": 21.3,
      "gp": 79,
      "stl": 1.3,
      "blk": 0.4,
      "fgPct": 48.0,
      "fg3Pct": 39.7,
      "ftPct": 71.3
    },
    {
      "id": 1641733,
      "rank": 131,
      "name": "Nick Smith Jr.",
      "team": "CHA",
      "pos": "G",
      "pts": 9.9,
      "ast": 2.4,
      "trb": 2.1,
      "mp": 22.8,
      "gp": 60,
      "stl": 0.3,
      "blk": 0.1,
      "fgPct": 39.1,
      "fg3Pct": 34.0,
      "ftPct": 93.5
    },
    {
      "id": 1642267,
      "rank": 132,
      "name": "Bub Carrington",
      "team": "WAS",
      "pos": "G",
      "pts": 9.8,
      "ast": 4.4,
      "trb": 4.2,
      "mp": 30.0,
      "gp": 82,
      "stl": 0.7,
      "blk": 0.3,
      "fgPct": 40.1,
      "fg3Pct": 33.9,
      "ftPct": 81.2
    },
    {
      "id": 1630541,
      "rank": 133,
      "name": "Moses Moody",
      "team": "GSW",
      "pos": "G",
      "pts": 9.8,
      "ast": 1.3,
      "trb": 2.6,
      "mp": 22.3,
      "gp": 74,
      "stl": 0.8,
      "blk": 0.4,
      "fgPct": 43.3,
      "fg3Pct": 37.4,
      "ftPct": 79.7
    },
    {
      "id": 1629599,
      "rank": 134,
      "name": "Amir Coffey",
      "team": "LAC",
      "pos": "G-F",
      "pts": 9.7,
      "ast": 1.1,
      "trb": 2.2,
      "mp": 24.3,
      "gp": 72,
      "stl": 0.6,
      "blk": 0.1,
      "fgPct": 47.1,
      "fg3Pct": 40.9,
      "ftPct": 89.1
    },
    {
      "id": 1631108,
      "rank": 135,
      "name": "Max Christie",
      "team": "DAL",
      "pos": "G",
      "pts": 9.6,
      "ast": 1.9,
      "trb": 3.3,
      "mp": 27.3,
      "gp": 78,
      "stl": 0.8,
      "blk": 0.4,
      "fgPct": 42.7,
      "fg3Pct": 36.6,
      "ftPct": 85.5
    },
    {
      "id": 1642271,
      "rank": 136,
      "name": "Kyle Filipowski",
      "team": "UTA",
      "pos": "C",
      "pts": 9.6,
      "ast": 1.9,
      "trb": 6.1,
      "mp": 21.1,
      "gp": 72,
      "stl": 0.7,
      "blk": 0.3,
      "fgPct": 50.2,
      "fg3Pct": 35.0,
      "ftPct": 65.0
    },
    {
      "id": 1630540,
      "rank": 137,
      "name": "Miles McBride",
      "team": "NYK",
      "pos": "G",
      "pts": 9.5,
      "ast": 2.9,
      "trb": 2.5,
      "mp": 24.9,
      "gp": 64,
      "stl": 1.0,
      "blk": 0.3,
      "fgPct": 40.6,
      "fg3Pct": 36.9,
      "ftPct": 81.3
    },
    {
      "id": 1630592,
      "rank": 138,
      "name": "Jalen Wilson",
      "team": "BKN",
      "pos": "F",
      "pts": 9.5,
      "ast": 1.8,
      "trb": 3.4,
      "mp": 25.7,
      "gp": 79,
      "stl": 0.5,
      "blk": 0.1,
      "fgPct": 39.7,
      "fg3Pct": 33.7,
      "ftPct": 81.8
    },
    {
      "id": 1641710,
      "rank": 139,
      "name": "Anthony Black",
      "team": "ORL",
      "pos": "G",
      "pts": 9.4,
      "ast": 3.1,
      "trb": 2.9,
      "mp": 24.2,
      "gp": 78,
      "stl": 1.1,
      "blk": 0.6,
      "fgPct": 42.3,
      "fg3Pct": 31.8,
      "ftPct": 76.1
    },
    {
      "id": 1629638,
      "rank": 140,
      "name": "Nickeil Alexander-Walker",
      "team": "MIN",
      "pos": "G",
      "pts": 9.4,
      "ast": 2.7,
      "trb": 3.2,
      "mp": 25.3,
      "gp": 82,
      "stl": 0.6,
      "blk": 0.4,
      "fgPct": 43.8,
      "fg3Pct": 38.1,
      "ftPct": 78.0
    },
    {
      "id": 1630175,
      "rank": 141,
      "name": "Cole Anthony",
      "team": "MEM",
      "pos": "G",
      "pts": 9.4,
      "ast": 2.9,
      "trb": 3.0,
      "mp": 18.4,
      "gp": 67,
      "stl": 0.7,
      "blk": 0.5,
      "fgPct": 42.4,
      "fg3Pct": 35.3,
      "ftPct": 82.3
    },
    {
      "id": 1642276,
      "rank": 142,
      "name": "Kel'el Ware",
      "team": "MIA",
      "pos": "C",
      "pts": 9.3,
      "ast": 0.9,
      "trb": 7.4,
      "mp": 22.2,
      "gp": 64,
      "stl": 0.6,
      "blk": 1.1,
      "fgPct": 55.4,
      "fg3Pct": 31.5,
      "ftPct": 68.7
    },
    {
      "id": 1641744,
      "rank": 143,
      "name": "Zach Edey",
      "team": "MEM",
      "pos": "C",
      "pts": 9.2,
      "ast": 1.0,
      "trb": 8.3,
      "mp": 21.5,
      "gp": 66,
      "stl": 0.5,
      "blk": 1.3,
      "fgPct": 58.0,
      "fg3Pct": 34.6,
      "ftPct": 70.9
    },
    {
      "id": 204456,
      "rank": 144,
      "name": "T.J. McConnell",
      "team": "IND",
      "pos": "G",
      "pts": 9.1,
      "ast": 4.4,
      "trb": 2.4,
      "mp": 17.9,
      "gp": 79,
      "stl": 1.1,
      "blk": 0.3,
      "fgPct": 51.9,
      "fg3Pct": 30.6,
      "ftPct": 74.0
    },
    {
      "id": 1642274,
      "rank": 145,
      "name": "Yves Missi",
      "team": "NOP",
      "pos": "C",
      "pts": 9.1,
      "ast": 1.4,
      "trb": 8.2,
      "mp": 26.8,
      "gp": 73,
      "stl": 0.5,
      "blk": 1.3,
      "fgPct": 54.7,
      "fg3Pct": 0,
      "ftPct": 62.3
    },
    {
      "id": 1628976,
      "rank": 146,
      "name": "Wendell Carter Jr.",
      "team": "ORL",
      "pos": "C-F",
      "pts": 9.1,
      "ast": 2.0,
      "trb": 7.2,
      "mp": 25.9,
      "gp": 68,
      "stl": 0.8,
      "blk": 0.6,
      "fgPct": 46.0,
      "fg3Pct": 23.4,
      "ftPct": 73.7
    },
    {
      "id": 1626220,
      "rank": 147,
      "name": "Royce O'Neale",
      "team": "PHX",
      "pos": "F",
      "pts": 9.1,
      "ast": 2.2,
      "trb": 4.7,
      "mp": 24.5,
      "gp": 75,
      "stl": 0.9,
      "blk": 0.4,
      "fgPct": 42.3,
      "fg3Pct": 40.6,
      "ftPct": 73.1
    },
    {
      "id": 1642261,
      "rank": 148,
      "name": "Dalton Knecht",
      "team": "LAL",
      "pos": "F",
      "pts": 9.1,
      "ast": 0.8,
      "trb": 2.8,
      "mp": 19.2,
      "gp": 78,
      "stl": 0.3,
      "blk": 0.1,
      "fgPct": 46.1,
      "fg3Pct": 37.6,
      "ftPct": 76.2
    },
    {
      "id": 1631124,
      "rank": 149,
      "name": "Julian Strawther",
      "team": "DEN",
      "pos": "G",
      "pts": 9.0,
      "ast": 1.3,
      "trb": 2.2,
      "mp": 21.3,
      "gp": 65,
      "stl": 0.6,
      "blk": 0.2,
      "fgPct": 43.2,
      "fg3Pct": 34.9,
      "ftPct": 82.2
    },
    {
      "id": 1630215,
      "rank": 150,
      "name": "Jared Butler",
      "team": "PHI",
      "pos": "G",
      "pts": 9.0,
      "ast": 3.7,
      "trb": 1.8,
      "mp": 17.4,
      "gp": 60,
      "stl": 0.7,
      "blk": 0.2,
      "fgPct": 44.8,
      "fg3Pct": 35.5,
      "ftPct": 82.4
    },
    {
      "id": 203110,
      "rank": 151,
      "name": "Draymond Green",
      "team": "GSW",
      "pos": "F",
      "pts": 9.0,
      "ast": 5.6,
      "trb": 6.1,
      "mp": 29.2,
      "gp": 68,
      "stl": 1.5,
      "blk": 1.0,
      "fgPct": 42.4,
      "fg3Pct": 32.5,
      "ftPct": 68.7
    },
    {
      "id": 1630172,
      "rank": 152,
      "name": "Patrick Williams",
      "team": "CHI",
      "pos": "F",
      "pts": 9.0,
      "ast": 2.0,
      "trb": 3.8,
      "mp": 25.0,
      "gp": 63,
      "stl": 0.8,
      "blk": 0.5,
      "fgPct": 39.7,
      "fg3Pct": 35.3,
      "ftPct": 72.3
    },
    {
      "id": 201143,
      "rank": 153,
      "name": "Al Horford",
      "team": "BOS",
      "pos": "C-F",
      "pts": 9.0,
      "ast": 2.1,
      "trb": 6.2,
      "mp": 27.7,
      "gp": 60,
      "stl": 0.6,
      "blk": 0.9,
      "fgPct": 42.3,
      "fg3Pct": 36.3,
      "ftPct": 89.5
    },
    {
      "id": 1630548,
      "rank": 154,
      "name": "Johnny Juzang",
      "team": "UTA",
      "pos": "G",
      "pts": 8.9,
      "ast": 1.1,
      "trb": 2.9,
      "mp": 19.8,
      "gp": 64,
      "stl": 0.6,
      "blk": 0.1,
      "fgPct": 42.9,
      "fg3Pct": 37.6,
      "ftPct": 84.9
    },
    {
      "id": 1628379,
      "rank": 155,
      "name": "Luke Kennard",
      "team": "MEM",
      "pos": "G",
      "pts": 8.9,
      "ast": 3.3,
      "trb": 2.8,
      "mp": 22.6,
      "gp": 65,
      "stl": 0.8,
      "blk": 0.1,
      "fgPct": 47.8,
      "fg3Pct": 43.3,
      "ftPct": 89.5
    },
    {
      "id": 101108,
      "rank": 156,
      "name": "Chris Paul",
      "team": "SAS",
      "pos": "G",
      "pts": 8.8,
      "ast": 7.4,
      "trb": 3.6,
      "mp": 28.0,
      "gp": 82,
      "stl": 1.3,
      "blk": 0.3,
      "fgPct": 42.7,
      "fg3Pct": 37.7,
      "ftPct": 92.4
    },
    {
      "id": 1630551,
      "rank": 157,
      "name": "Justin Champagnie",
      "team": "WAS",
      "pos": "G-F",
      "pts": 8.8,
      "ast": 1.0,
      "trb": 5.7,
      "mp": 21.6,
      "gp": 62,
      "stl": 1.0,
      "blk": 0.6,
      "fgPct": 51.1,
      "fg3Pct": 38.3,
      "ftPct": 68.5
    },
    {
      "id": 203484,
      "rank": 158,
      "name": "Kentavious Caldwell-Pope",
      "team": "MEM",
      "pos": "G",
      "pts": 8.7,
      "ast": 1.8,
      "trb": 2.2,
      "mp": 29.6,
      "gp": 77,
      "stl": 1.3,
      "blk": 0.4,
      "fgPct": 43.9,
      "fg3Pct": 34.2,
      "ftPct": 86.3
    },
    {
      "id": 1631213,
      "rank": 159,
      "name": "Tyrese Martin",
      "team": "BKN",
      "pos": "F",
      "pts": 8.7,
      "ast": 2.0,
      "trb": 3.7,
      "mp": 21.9,
      "gp": 60,
      "stl": 0.6,
      "blk": 0.2,
      "fgPct": 40.6,
      "fg3Pct": 35.1,
      "ftPct": 79.3
    },
    {
      "id": 1627827,
      "rank": 160,
      "name": "Dorian Finney-Smith",
      "team": "LAL",
      "pos": "F",
      "pts": 8.7,
      "ast": 1.4,
      "trb": 3.9,
      "mp": 28.9,
      "gp": 63,
      "stl": 0.9,
      "blk": 0.4,
      "fgPct": 44.8,
      "fg3Pct": 41.1,
      "ftPct": 66.7
    },
    {
      "id": 1642273,
      "rank": 161,
      "name": "Kyshawn George",
      "team": "WAS",
      "pos": "F",
      "pts": 8.7,
      "ast": 2.5,
      "trb": 4.2,
      "mp": 26.5,
      "gp": 68,
      "stl": 1.0,
      "blk": 0.7,
      "fgPct": 37.2,
      "fg3Pct": 32.2,
      "ftPct": 75.3
    },
    {
      "id": 1642268,
      "rank": 162,
      "name": "Isaiah Collier",
      "team": "UTA",
      "pos": "G",
      "pts": 8.7,
      "ast": 6.3,
      "trb": 3.3,
      "mp": 25.9,
      "gp": 71,
      "stl": 0.9,
      "blk": 0.2,
      "fgPct": 42.2,
      "fg3Pct": 24.9,
      "ftPct": 68.2
    },
    {
      "id": 1631170,
      "rank": 163,
      "name": "Jaime Jaquez Jr.",
      "team": "MIA",
      "pos": "G",
      "pts": 8.6,
      "ast": 2.5,
      "trb": 4.4,
      "mp": 20.7,
      "gp": 66,
      "stl": 0.9,
      "blk": 0.2,
      "fgPct": 46.1,
      "fg3Pct": 31.1,
      "ftPct": 75.4
    },
    {
      "id": 1641824,
      "rank": 164,
      "name": "Matas Buzelis",
      "team": "CHI",
      "pos": "F",
      "pts": 8.6,
      "ast": 1.0,
      "trb": 3.5,
      "mp": 18.9,
      "gp": 80,
      "stl": 0.4,
      "blk": 0.9,
      "fgPct": 45.4,
      "fg3Pct": 36.1,
      "ftPct": 81.5
    },
    {
      "id": 1630573,
      "rank": 165,
      "name": "Sam Hauser",
      "team": "BOS",
      "pos": "F",
      "pts": 8.5,
      "ast": 0.9,
      "trb": 3.2,
      "mp": 21.7,
      "gp": 71,
      "stl": 0.6,
      "blk": 0.2,
      "fgPct": 45.1,
      "fg3Pct": 41.6,
      "ftPct": 100.0
    },
    {
      "id": 1641717,
      "rank": 166,
      "name": "Cason Wallace",
      "team": "OKC",
      "pos": "G",
      "pts": 8.4,
      "ast": 2.5,
      "trb": 3.4,
      "mp": 27.6,
      "gp": 68,
      "stl": 1.8,
      "blk": 0.5,
      "fgPct": 47.4,
      "fg3Pct": 35.6,
      "ftPct": 81.1
    },
    {
      "id": 1629634,
      "rank": 167,
      "name": "Brandon Clarke",
      "team": "MEM",
      "pos": "F",
      "pts": 8.3,
      "ast": 1.0,
      "trb": 5.1,
      "mp": 18.9,
      "gp": 64,
      "stl": 0.8,
      "blk": 0.6,
      "fgPct": 62.1,
      "fg3Pct": 5.9,
      "ftPct": 70.1
    },
    {
      "id": 1630625,
      "rank": 168,
      "name": "Dalano Banton",
      "team": "POR",
      "pos": "F",
      "pts": 8.3,
      "ast": 2.4,
      "trb": 2.0,
      "mp": 16.7,
      "gp": 67,
      "stl": 0.6,
      "blk": 0.5,
      "fgPct": 39.1,
      "fg3Pct": 32.4,
      "ftPct": 72.8
    },
    {
      "id": 1631165,
      "rank": 169,
      "name": "Keon Ellis",
      "team": "SAC",
      "pos": "G",
      "pts": 8.3,
      "ast": 1.5,
      "trb": 2.7,
      "mp": 24.4,
      "gp": 80,
      "stl": 1.5,
      "blk": 0.8,
      "fgPct": 48.9,
      "fg3Pct": 43.3,
      "ftPct": 84.9
    },
    {
      "id": 1627752,
      "rank": 170,
      "name": "Taurean Prince",
      "team": "MIL",
      "pos": "F",
      "pts": 8.2,
      "ast": 1.9,
      "trb": 3.6,
      "mp": 27.1,
      "gp": 80,
      "stl": 1.0,
      "blk": 0.2,
      "fgPct": 45.7,
      "fg3Pct": 43.9,
      "ftPct": 81.3
    },
    {
      "id": 201144,
      "rank": 171,
      "name": "Mike Conley",
      "team": "MIN",
      "pos": "G",
      "pts": 8.2,
      "ast": 4.5,
      "trb": 2.6,
      "mp": 24.7,
      "gp": 71,
      "stl": 1.1,
      "blk": 0.2,
      "fgPct": 40.0,
      "fg3Pct": 41.0,
      "ftPct": 90.0
    },
    {
      "id": 1630188,
      "rank": 172,
      "name": "Jalen Smith",
      "team": "CHI",
      "pos": "F-C",
      "pts": 8.2,
      "ast": 1.0,
      "trb": 5.6,
      "mp": 15.0,
      "gp": 64,
      "stl": 0.3,
      "blk": 0.7,
      "fgPct": 46.6,
      "fg3Pct": 32.4,
      "ftPct": 80.9
    },
    {
      "id": 1631212,
      "rank": 173,
      "name": "Peyton Watson",
      "team": "DEN",
      "pos": "G",
      "pts": 8.1,
      "ast": 1.4,
      "trb": 3.4,
      "mp": 24.4,
      "gp": 68,
      "stl": 0.7,
      "blk": 1.4,
      "fgPct": 47.7,
      "fg3Pct": 35.3,
      "ftPct": 69.3
    },
    {
      "id": 1630558,
      "rank": 174,
      "name": "Davion Mitchell",
      "team": "MIA",
      "pos": "G",
      "pts": 7.9,
      "ast": 4.9,
      "trb": 2.3,
      "mp": 27.4,
      "gp": 74,
      "stl": 1.0,
      "blk": 0.2,
      "fgPct": 46.8,
      "fg3Pct": 39.8,
      "ftPct": 69.0
    },
    {
      "id": 1629611,
      "rank": 175,
      "name": "Terance Mann",
      "team": "ATL",
      "pos": "G-F",
      "pts": 7.7,
      "ast": 1.8,
      "trb": 3.0,
      "mp": 21.1,
      "gp": 67,
      "stl": 0.7,
      "blk": 0.2,
      "fgPct": 49.6,
      "fg3Pct": 36.8,
      "ftPct": 69.1
    },
    {
      "id": 1630182,
      "rank": 176,
      "name": "Josh Green",
      "team": "CHA",
      "pos": "G",
      "pts": 7.4,
      "ast": 1.6,
      "trb": 2.5,
      "mp": 27.8,
      "gp": 68,
      "stl": 1.1,
      "blk": 0.2,
      "fgPct": 42.8,
      "fg3Pct": 39.1,
      "ftPct": 68.1
    },
    {
      "id": 1631260,
      "rank": 177,
      "name": "AJ Green",
      "team": "MIL",
      "pos": "G",
      "pts": 7.4,
      "ast": 1.5,
      "trb": 2.4,
      "mp": 22.7,
      "gp": 73,
      "stl": 0.5,
      "blk": 0.1,
      "fgPct": 42.9,
      "fg3Pct": 42.7,
      "ftPct": 81.5
    },
    {
      "id": 1641741,
      "rank": 178,
      "name": "Ricky Council IV",
      "team": "PHI",
      "pos": "G",
      "pts": 7.3,
      "ast": 1.3,
      "trb": 2.9,
      "mp": 17.1,
      "gp": 73,
      "stl": 0.4,
      "blk": 0.2,
      "fgPct": 38.2,
      "fg3Pct": 25.8,
      "ftPct": 80.4
    },
    {
      "id": 1641783,
      "rank": 179,
      "name": "Tristan da Silva",
      "team": "ORL",
      "pos": "F",
      "pts": 7.2,
      "ast": 1.5,
      "trb": 3.3,
      "mp": 22.0,
      "gp": 74,
      "stl": 0.4,
      "blk": 0.2,
      "fgPct": 41.2,
      "fg3Pct": 33.5,
      "ftPct": 87.3
    },
    {
      "id": 1629048,
      "rank": 180,
      "name": "Goga Bitadze",
      "team": "ORL",
      "pos": "C-F",
      "pts": 7.2,
      "ast": 2.0,
      "trb": 6.6,
      "mp": 20.4,
      "gp": 70,
      "stl": 0.7,
      "blk": 1.4,
      "fgPct": 61.1,
      "fg3Pct": 10.7,
      "ftPct": 63.9
    },
    {
      "id": 1630241,
      "rank": 181,
      "name": "Sam Merrill",
      "team": "CLE",
      "pos": "G",
      "pts": 7.2,
      "ast": 1.5,
      "trb": 2.2,
      "mp": 19.7,
      "gp": 71,
      "stl": 0.7,
      "blk": 0.2,
      "fgPct": 40.6,
      "fg3Pct": 37.2,
      "ftPct": 96.6
    },
    {
      "id": 1642347,
      "rank": 182,
      "name": "Jamal Shead",
      "team": "TOR",
      "pos": "G",
      "pts": 7.1,
      "ast": 4.2,
      "trb": 1.5,
      "mp": 19.6,
      "gp": 75,
      "stl": 0.8,
      "blk": 0.1,
      "fgPct": 40.5,
      "fg3Pct": 32.3,
      "ftPct": 76.8
    },
    {
      "id": 1642419,
      "rank": 183,
      "name": "Jamison Battle",
      "team": "TOR",
      "pos": "F",
      "pts": 7.1,
      "ast": 0.9,
      "trb": 2.7,
      "mp": 17.7,
      "gp": 59,
      "stl": 0.3,
      "blk": 0.2,
      "fgPct": 42.9,
      "fg3Pct": 40.5,
      "ftPct": 88.9
    },
    {
      "id": 1626166,
      "rank": 184,
      "name": "Cameron Payne",
      "team": "NYK",
      "pos": "G",
      "pts": 6.9,
      "ast": 2.8,
      "trb": 1.4,
      "mp": 15.1,
      "gp": 72,
      "stl": 0.5,
      "blk": 0.2,
      "fgPct": 40.1,
      "fg3Pct": 36.3,
      "ftPct": 90.7
    },
    {
      "id": 1631222,
      "rank": 185,
      "name": "Jake LaRavia",
      "team": "SAC",
      "pos": "F",
      "pts": 6.9,
      "ast": 2.4,
      "trb": 3.9,
      "mp": 20.4,
      "gp": 66,
      "stl": 0.9,
      "blk": 0.3,
      "fgPct": 47.5,
      "fg3Pct": 42.3,
      "ftPct": 67.8
    },
    {
      "id": 1642346,
      "rank": 186,
      "name": "Ryan Dunn",
      "team": "PHX",
      "pos": "F",
      "pts": 6.9,
      "ast": 0.8,
      "trb": 3.6,
      "mp": 19.1,
      "gp": 74,
      "stl": 0.6,
      "blk": 0.5,
      "fgPct": 43.0,
      "fg3Pct": 31.1,
      "ftPct": 48.7
    },
    {
      "id": 1630643,
      "rank": 187,
      "name": "Jay Huff",
      "team": "MEM",
      "pos": "C",
      "pts": 6.9,
      "ast": 0.6,
      "trb": 2.0,
      "mp": 11.7,
      "gp": 64,
      "stl": 0.3,
      "blk": 0.9,
      "fgPct": 51.5,
      "fg3Pct": 40.5,
      "ftPct": 78.6
    },
    {
      "id": 1631218,
      "rank": 188,
      "name": "Trayce Jackson-Davis",
      "team": "GSW",
      "pos": "F",
      "pts": 6.6,
      "ast": 1.7,
      "trb": 5.0,
      "mp": 15.6,
      "gp": 62,
      "stl": 0.4,
      "blk": 0.6,
      "fgPct": 57.6,
      "fg3Pct": 0,
      "ftPct": 57.8
    },
    {
      "id": 1626168,
      "rank": 189,
      "name": "Trey Lyles",
      "team": "SAC",
      "pos": "F",
      "pts": 6.5,
      "ast": 1.2,
      "trb": 4.6,
      "mp": 19.6,
      "gp": 69,
      "stl": 0.6,
      "blk": 0.3,
      "fgPct": 42.0,
      "fg3Pct": 34.0,
      "ftPct": 70.0
    },
    {
      "id": 1629659,
      "rank": 190,
      "name": "Talen Horton-Tucker",
      "team": "CHI",
      "pos": "G",
      "pts": 6.5,
      "ast": 1.4,
      "trb": 1.7,
      "mp": 12.5,
      "gp": 58,
      "stl": 0.4,
      "blk": 0.2,
      "fgPct": 45.7,
      "fg3Pct": 33.6,
      "ftPct": 73.5
    },
    {
      "id": 203552,
      "rank": 191,
      "name": "Seth Curry",
      "team": "CHA",
      "pos": "G",
      "pts": 6.5,
      "ast": 0.9,
      "trb": 1.7,
      "mp": 15.6,
      "gp": 68,
      "stl": 0.4,
      "blk": 0.1,
      "fgPct": 47.8,
      "fg3Pct": 45.6,
      "ftPct": 84.6
    },
    {
      "id": 1642270,
      "rank": 192,
      "name": "Donovan Clingan",
      "team": "POR",
      "pos": "C",
      "pts": 6.5,
      "ast": 1.1,
      "trb": 7.9,
      "mp": 19.8,
      "gp": 67,
      "stl": 0.5,
      "blk": 1.6,
      "fgPct": 53.9,
      "fg3Pct": 28.6,
      "ftPct": 59.6
    },
    {
      "id": 1628418,
      "rank": 193,
      "name": "Thomas Bryant",
      "team": "IND",
      "pos": "C-F",
      "pts": 6.5,
      "ast": 0.8,
      "trb": 3.8,
      "mp": 14.6,
      "gp": 66,
      "stl": 0.4,
      "blk": 0.6,
      "fgPct": 50.8,
      "fg3Pct": 32.4,
      "ftPct": 85.9
    },
    {
      "id": 1629312,
      "rank": 194,
      "name": "Haywood Highsmith",
      "team": "MIA",
      "pos": "F",
      "pts": 6.5,
      "ast": 1.5,
      "trb": 3.4,
      "mp": 24.6,
      "gp": 74,
      "stl": 0.9,
      "blk": 0.5,
      "fgPct": 45.8,
      "fg3Pct": 38.2,
      "ftPct": 72.1
    },
    {
      "id": 1627780,
      "rank": 195,
      "name": "Gary Payton II",
      "team": "GSW",
      "pos": "G",
      "pts": 6.5,
      "ast": 1.3,
      "trb": 3.0,
      "mp": 15.0,
      "gp": 62,
      "stl": 0.8,
      "blk": 0.3,
      "fgPct": 57.4,
      "fg3Pct": 32.6,
      "ftPct": 71.1
    },
    {
      "id": 1641842,
      "rank": 196,
      "name": "Ronald Holland II",
      "team": "DET",
      "pos": "F",
      "pts": 6.4,
      "ast": 1.0,
      "trb": 2.7,
      "mp": 15.6,
      "gp": 81,
      "stl": 0.6,
      "blk": 0.2,
      "fgPct": 47.4,
      "fg3Pct": 23.8,
      "ftPct": 75.4
    },
    {
      "id": 1627739,
      "rank": 197,
      "name": "Kris Dunn",
      "team": "LAC",
      "pos": "G",
      "pts": 6.4,
      "ast": 2.8,
      "trb": 3.4,
      "mp": 24.1,
      "gp": 74,
      "stl": 1.7,
      "blk": 0.4,
      "fgPct": 43.9,
      "fg3Pct": 33.5,
      "ftPct": 68.2
    },
    {
      "id": 1629216,
      "rank": 198,
      "name": "Gabe Vincent",
      "team": "LAL",
      "pos": "G",
      "pts": 6.4,
      "ast": 1.4,
      "trb": 1.3,
      "mp": 21.2,
      "gp": 72,
      "stl": 0.7,
      "blk": 0.2,
      "fgPct": 40.0,
      "fg3Pct": 35.3,
      "ftPct": 71.4
    },
    {
      "id": 1628380,
      "rank": 199,
      "name": "Zach Collins",
      "team": "CHI",
      "pos": "F-C",
      "pts": 6.4,
      "ast": 1.7,
      "trb": 4.5,
      "mp": 15.3,
      "gp": 64,
      "stl": 0.5,
      "blk": 0.5,
      "fgPct": 50.7,
      "fg3Pct": 30.2,
      "ftPct": 88.5
    },
    {
      "id": 1630526,
      "rank": 200,
      "name": "Jeremiah Robinson-Earl",
      "team": "NOP",
      "pos": "F",
      "pts": 6.3,
      "ast": 1.3,
      "trb": 4.8,
      "mp": 18.8,
      "gp": 66,
      "stl": 0.6,
      "blk": 0.1,
      "fgPct": 45.5,
      "fg3Pct": 34.1,
      "ftPct": 83.6
    },
    {
      "id": 1629026,
      "rank": 201,
      "name": "Kenrich Williams",
      "team": "OKC",
      "pos": "G-F",
      "pts": 6.3,
      "ast": 1.4,
      "trb": 3.5,
      "mp": 16.4,
      "gp": 69,
      "stl": 0.6,
      "blk": 0.1,
      "fgPct": 48.3,
      "fg3Pct": 38.6,
      "ftPct": 71.8
    },
    {
      "id": 1630572,
      "rank": 202,
      "name": "Sandro Mamukelashvili",
      "team": "SAS",
      "pos": "F-C",
      "pts": 6.3,
      "ast": 0.8,
      "trb": 3.1,
      "mp": 11.2,
      "gp": 61,
      "stl": 0.4,
      "blk": 0.3,
      "fgPct": 50.2,
      "fg3Pct": 37.3,
      "ftPct": 74.1
    },
    {
      "id": 1642367,
      "rank": 203,
      "name": "Jonathan Mogbo",
      "team": "TOR",
      "pos": "F",
      "pts": 6.2,
      "ast": 2.3,
      "trb": 4.9,
      "mp": 20.4,
      "gp": 63,
      "stl": 0.9,
      "blk": 0.5,
      "fgPct": 43.8,
      "fg3Pct": 24.3,
      "ftPct": 73.2
    },
    {
      "id": 1641716,
      "rank": 204,
      "name": "Jarace Walker",
      "team": "IND",
      "pos": "F",
      "pts": 6.1,
      "ast": 1.5,
      "trb": 3.1,
      "mp": 15.8,
      "gp": 75,
      "stl": 0.7,
      "blk": 0.3,
      "fgPct": 47.2,
      "fg3Pct": 40.5,
      "ftPct": 66.7
    },
    {
      "id": 1630191,
      "rank": 205,
      "name": "Isaiah Stewart",
      "team": "DET",
      "pos": "F-C",
      "pts": 6.0,
      "ast": 1.7,
      "trb": 5.5,
      "mp": 19.9,
      "gp": 72,
      "stl": 0.4,
      "blk": 1.4,
      "fgPct": 55.9,
      "fg3Pct": 32.1,
      "ftPct": 75.9
    },
    {
      "id": 1628436,
      "rank": 206,
      "name": "Luke Kornet",
      "team": "BOS",
      "pos": "C-F",
      "pts": 6.0,
      "ast": 1.6,
      "trb": 5.3,
      "mp": 18.6,
      "gp": 73,
      "stl": 0.5,
      "blk": 1.0,
      "fgPct": 66.8,
      "fg3Pct": 0,
      "ftPct": 69.1
    },
    {
      "id": 1631323,
      "rank": 207,
      "name": "Simone Fontecchio",
      "team": "DET",
      "pos": "F",
      "pts": 5.9,
      "ast": 0.9,
      "trb": 2.9,
      "mp": 16.5,
      "gp": 75,
      "stl": 0.4,
      "blk": 0.2,
      "fgPct": 40.2,
      "fg3Pct": 33.5,
      "ftPct": 83.3
    },
    {
      "id": 1642275,
      "rank": 208,
      "name": "Tidjane Sala\u00fcn",
      "team": "CHA",
      "pos": "F",
      "pts": 5.9,
      "ast": 1.2,
      "trb": 4.7,
      "mp": 20.7,
      "gp": 60,
      "stl": 0.5,
      "blk": 0.2,
      "fgPct": 33.0,
      "fg3Pct": 28.3,
      "ftPct": 71.3
    },
    {
      "id": 203937,
      "rank": 209,
      "name": "Kyle Anderson",
      "team": "MIA",
      "pos": "F-G",
      "pts": 5.9,
      "ast": 2.4,
      "trb": 3.4,
      "mp": 16.4,
      "gp": 61,
      "stl": 0.7,
      "blk": 0.5,
      "fgPct": 46.9,
      "fg3Pct": 35.7,
      "ftPct": 73.8
    },
    {
      "id": 1641737,
      "rank": 210,
      "name": "Adem Bona",
      "team": "PHI",
      "pos": "F",
      "pts": 5.8,
      "ast": 0.5,
      "trb": 4.2,
      "mp": 15.6,
      "gp": 58,
      "stl": 0.4,
      "blk": 1.2,
      "fgPct": 70.3,
      "fg3Pct": 0,
      "ftPct": 67.0
    },
    {
      "id": 1631217,
      "rank": 211,
      "name": "Moussa Diabat\u00e9",
      "team": "CHA",
      "pos": "F",
      "pts": 5.7,
      "ast": 0.8,
      "trb": 6.2,
      "mp": 17.5,
      "gp": 71,
      "stl": 0.6,
      "blk": 0.6,
      "fgPct": 59.6,
      "fg3Pct": 0,
      "ftPct": 59.5
    },
    {
      "id": 1628988,
      "rank": 212,
      "name": "Aaron Holiday",
      "team": "HOU",
      "pos": "G",
      "pts": 5.5,
      "ast": 1.3,
      "trb": 1.3,
      "mp": 12.8,
      "gp": 62,
      "stl": 0.3,
      "blk": 0.2,
      "fgPct": 43.7,
      "fg3Pct": 39.8,
      "ftPct": 82.9
    },
    {
      "id": 1629731,
      "rank": 213,
      "name": "Dean Wade",
      "team": "CLE",
      "pos": "F-C",
      "pts": 5.4,
      "ast": 1.3,
      "trb": 4.2,
      "mp": 21.2,
      "gp": 59,
      "stl": 0.7,
      "blk": 0.3,
      "fgPct": 41.3,
      "fg3Pct": 36.0,
      "ftPct": 53.3
    },
    {
      "id": 1628371,
      "rank": 214,
      "name": "Jonathan Isaac",
      "team": "ORL",
      "pos": "F",
      "pts": 5.4,
      "ast": 0.6,
      "trb": 4.4,
      "mp": 15.4,
      "gp": 71,
      "stl": 0.9,
      "blk": 1.1,
      "fgPct": 41.4,
      "fg3Pct": 25.8,
      "ftPct": 68.2
    },
    {
      "id": 1641767,
      "rank": 215,
      "name": "Ben Sheppard",
      "team": "IND",
      "pos": "G",
      "pts": 5.3,
      "ast": 1.3,
      "trb": 2.8,
      "mp": 19.5,
      "gp": 63,
      "stl": 0.6,
      "blk": 0.2,
      "fgPct": 41.8,
      "fg3Pct": 34.2,
      "ftPct": 88.9
    },
    {
      "id": 1631133,
      "rank": 216,
      "name": "Jabari Walker",
      "team": "POR",
      "pos": "F",
      "pts": 5.2,
      "ast": 0.6,
      "trb": 3.5,
      "mp": 12.5,
      "gp": 60,
      "stl": 0.6,
      "blk": 0.1,
      "fgPct": 51.5,
      "fg3Pct": 38.9,
      "ftPct": 69.0
    },
    {
      "id": 1629750,
      "rank": 217,
      "name": "Javonte Green",
      "team": "CLE",
      "pos": "G",
      "pts": 5.1,
      "ast": 0.8,
      "trb": 3.2,
      "mp": 18.5,
      "gp": 68,
      "stl": 1.0,
      "blk": 0.5,
      "fgPct": 42.9,
      "fg3Pct": 32.6,
      "ftPct": 72.4
    },
    {
      "id": 1629674,
      "rank": 218,
      "name": "Neemias Queta",
      "team": "BOS",
      "pos": "C",
      "pts": 5.0,
      "ast": 0.7,
      "trb": 3.8,
      "mp": 13.9,
      "gp": 62,
      "stl": 0.3,
      "blk": 0.7,
      "fgPct": 65.0,
      "fg3Pct": 0,
      "ftPct": 75.4
    },
    {
      "id": 1641763,
      "rank": 219,
      "name": "Julian Phillips",
      "team": "CHI",
      "pos": "F",
      "pts": 4.6,
      "ast": 0.5,
      "trb": 2.1,
      "mp": 14.2,
      "gp": 79,
      "stl": 0.5,
      "blk": 0.3,
      "fgPct": 44.6,
      "fg3Pct": 32.7,
      "ftPct": 78.9
    },
    {
      "id": 1629234,
      "rank": 220,
      "name": "Drew Eubanks",
      "team": "LAC",
      "pos": "F-C",
      "pts": 4.6,
      "ast": 0.9,
      "trb": 3.7,
      "mp": 12.2,
      "gp": 61,
      "stl": 0.2,
      "blk": 0.6,
      "fgPct": 59.3,
      "fg3Pct": 50.0,
      "ftPct": 66.2
    },
    {
      "id": 1626172,
      "rank": 221,
      "name": "Kevon Looney",
      "team": "GSW",
      "pos": "F",
      "pts": 4.5,
      "ast": 1.6,
      "trb": 6.1,
      "mp": 15.0,
      "gp": 76,
      "stl": 0.6,
      "blk": 0.5,
      "fgPct": 51.4,
      "fg3Pct": 40.0,
      "ftPct": 56.6
    },
    {
      "id": 203486,
      "rank": 222,
      "name": "Mason Plumlee",
      "team": "PHX",
      "pos": "F-C",
      "pts": 4.5,
      "ast": 1.8,
      "trb": 6.1,
      "mp": 17.6,
      "gp": 74,
      "stl": 0.4,
      "blk": 0.6,
      "fgPct": 61.9,
      "fg3Pct": 0,
      "ftPct": 64.8
    },
    {
      "id": 1631207,
      "rank": 223,
      "name": "Dalen Terry",
      "team": "CHI",
      "pos": "F",
      "pts": 4.5,
      "ast": 1.3,
      "trb": 1.7,
      "mp": 13.5,
      "gp": 73,
      "stl": 0.6,
      "blk": 0.2,
      "fgPct": 44.8,
      "fg3Pct": 35.6,
      "ftPct": 71.0
    },
    {
      "id": 1641724,
      "rank": 224,
      "name": "Jett Howard",
      "team": "ORL",
      "pos": "G",
      "pts": 4.5,
      "ast": 0.7,
      "trb": 1.2,
      "mp": 11.7,
      "gp": 60,
      "stl": 0.2,
      "blk": 0.2,
      "fgPct": 37.4,
      "fg3Pct": 29.6,
      "ftPct": 69.6
    },
    {
      "id": 1642345,
      "rank": 225,
      "name": "Oso Ighodaro",
      "team": "PHX",
      "pos": "F",
      "pts": 4.2,
      "ast": 1.2,
      "trb": 3.6,
      "mp": 17.1,
      "gp": 61,
      "stl": 0.5,
      "blk": 0.5,
      "fgPct": 60.4,
      "fg3Pct": 0,
      "ftPct": 58.0
    },
    {
      "id": 1631200,
      "rank": 226,
      "name": "Kris Murray",
      "team": "POR",
      "pos": "F",
      "pts": 4.2,
      "ast": 1.0,
      "trb": 2.6,
      "mp": 15.1,
      "gp": 69,
      "stl": 0.5,
      "blk": 0.2,
      "fgPct": 41.9,
      "fg3Pct": 22.5,
      "ftPct": 45.6
    },
    {
      "id": 1631216,
      "rank": 227,
      "name": "Caleb Houstan",
      "team": "ORL",
      "pos": "G",
      "pts": 4.1,
      "ast": 0.6,
      "trb": 1.3,
      "mp": 13.6,
      "gp": 58,
      "stl": 0.4,
      "blk": 0.1,
      "fgPct": 42.1,
      "fg3Pct": 40.0,
      "ftPct": 88.2
    },
    {
      "id": 201587,
      "rank": 228,
      "name": "Nicolas Batum",
      "team": "LAC",
      "pos": "G-F",
      "pts": 4.0,
      "ast": 1.1,
      "trb": 2.8,
      "mp": 17.5,
      "gp": 78,
      "stl": 0.7,
      "blk": 0.5,
      "fgPct": 43.7,
      "fg3Pct": 43.3,
      "ftPct": 81.0
    },
    {
      "id": 203500,
      "rank": 229,
      "name": "Steven Adams",
      "team": "HOU",
      "pos": "C",
      "pts": 3.9,
      "ast": 1.1,
      "trb": 5.6,
      "mp": 13.7,
      "gp": 58,
      "stl": 0.4,
      "blk": 0.5,
      "fgPct": 54.5,
      "fg3Pct": 0,
      "ftPct": 46.2
    },
    {
      "id": 1631104,
      "rank": 230,
      "name": "Blake Wesley",
      "team": "SAS",
      "pos": "G",
      "pts": 3.7,
      "ast": 2.0,
      "trb": 1.1,
      "mp": 11.8,
      "gp": 58,
      "stl": 0.6,
      "blk": 0.1,
      "fgPct": 43.5,
      "fg3Pct": 29.3,
      "ftPct": 62.3
    },
    {
      "id": 1641748,
      "rank": 231,
      "name": "Andre Jackson Jr.",
      "team": "MIL",
      "pos": "G",
      "pts": 3.4,
      "ast": 1.2,
      "trb": 2.7,
      "mp": 14.6,
      "gp": 67,
      "stl": 0.5,
      "blk": 0.2,
      "fgPct": 47.7,
      "fg3Pct": 39.5,
      "ftPct": 50.0
    }
  ],
  "lastUpdated": "2026-01-01",
  "season": "2024-25"
}