Rk,Player,Age,Team,Pos,G,GS,MP,FG,FGA,FG%,3P,3PA,3P%,2P,2PA,2P%,eFG%,FT,FTA,FT%,ORB,DRB,TRB,AST,STL,BLK,TOV,PF,PTS,Awards,Player-additional
1,Luka Dončić,26,LAL,PG,20,20,37.4,10.8,23.4,0.463,3.5,10.8,0.324,7.3,12.6,0.582,0.537,10.1,12.5,0.811,0.9,7.9,8.8,9.1,1.7,0.6,4.2,2.6,35.2,,doncilu01
2,Shai Gilgeous-Alexander,27,OKC,PG,26,26,33,10.9,19.5,0.559,2.2,5.1,0.432,8.7,14.5,0.604,0.615,8.4,9.5,0.879,0.5,4.2,4.7,6.4,1.4,0.8,1.9,2,32.4,,gilgesh01
3,Tyrese Maxey,25,PHI,PG,23,23,39.9,10.7,22.9,0.467,3.7,9.3,0.391,7,13.6,0.519,0.546,6.4,7.3,0.881,0.3,4.4,4.7,7.2,1.7,0.9,2.7,2.3,31.5,,maxeyty01
4,Donovan Mitchell,29,CLE,SG,26,26,34.4,10.7,21.7,0.493,4,10.5,0.383,6.7,11.2,0.597,0.586,5.3,6.3,0.847,0.9,3.7,4.5,5.5,1.4,0.3,3.3,2.4,30.7,,mitchdo01
5,Nikola Jokić,30,DEN,C,26,26,35.1,10.7,17.5,0.612,2.1,5,0.426,8.6,12.5,0.686,0.673,6.1,7.2,0.84,2.9,9.4,12.3,10.9,1.4,0.8,3.5,2.8,29.6,,jokicni01
6,Jaylen Brown,29,BOS,SF,25,25,33.8,10.8,21.5,0.5,2.1,5.8,0.361,8.7,15.8,0.551,0.548,5.7,7.4,0.769,1.3,4.9,6.2,4.9,1.1,0.5,3.6,3.1,29.3,,brownja02
7,Giannis Antetokounmpo,31,MIL,PF,17,17,29.1,11.1,17.3,0.639,0.6,1.4,0.435,10.5,15.9,0.657,0.656,6.2,9.8,0.635,3.3,6.8,10.1,6.1,0.9,0.9,3.3,2.8,28.9,,antetgi01
8,Stephen Curry,37,GSW,PG,19,19,31.4,9.4,19.8,0.475,5,12.4,0.404,4.4,7.5,0.592,0.601,5,5.5,0.913,0.4,3.6,4,4.1,1.3,0.5,3,2.1,28.8,,curryst01
9,Jalen Brunson,29,NYK,PG,24,24,35,10.2,21.1,0.484,2.8,7.4,0.376,7.4,13.7,0.543,0.55,5.5,6.5,0.834,0.6,2.7,3.3,6.4,0.8,0.1,2.3,2.4,28.7,,brunsja01
10,Anthony Edwards,24,MIN,SG,20,20,34.4,9.7,19.3,0.5,3.4,8.1,0.416,6.3,11.3,0.56,0.587,6,7.2,0.833,0.8,4.2,4.9,3.8,1.2,0.8,3,2.1,28.7,,edwaran01
11,Lauri Markkanen,28,UTA,PF,24,24,35.3,9.3,19.8,0.469,2.9,8.3,0.352,6.4,11.5,0.554,0.543,6.3,7,0.893,2.1,4.9,7,2.1,1,0.4,1.3,1.8,27.8,,markkla01
12,Austin Reaves,27,LAL,SG,21,21,36.9,8.5,16.9,0.503,2.8,7.6,0.369,5.7,9.2,0.613,0.586,8,9.1,0.875,0.8,4.8,5.6,6.7,1,0.2,3.3,2.3,27.8,,reaveau01
13,Cade Cunningham,24,DET,PG,24,24,36.2,9.5,21,0.453,2.1,6.5,0.321,7.4,14.5,0.513,0.503,6.1,7.4,0.831,1.3,4.9,6.2,9.2,1.4,0.8,3.8,3.3,27.2,,cunnica01
14,James Harden,36,LAC,PG,25,25,35.4,7.6,17.2,0.44,3.6,9.5,0.376,4,7.7,0.518,0.543,7.4,8.3,0.885,0.6,4.6,5.2,8.1,1.3,0.4,3.9,2.2,26,,hardeja01
15,Deni Avdija,25,POR,SF,27,27,34.5,7.8,16.3,0.476,2.4,6.4,0.372,5.4,10,0.543,0.549,7.9,9.7,0.813,1.1,5.9,7.1,6.3,0.7,0.6,3.6,3.1,25.8,,avdijde01
16,Michael Porter Jr.,27,BRK,SF,22,22,32.6,9.2,18.6,0.493,3.6,9.2,0.396,5.5,9.5,0.587,0.59,3.7,4.5,0.818,1.2,6.1,7.3,3.2,0.8,0.2,2.2,2.1,25.7,,portemi01
17,Jamal Murray,28,DEN,PG,25,25,35,9,17.9,0.501,3.3,7.3,0.456,5.6,10.6,0.532,0.594,3.9,4.4,0.891,0.4,3.9,4.3,6.6,1.1,0.3,2.3,1.6,25.2,,murraja01
18,Devin Booker,29,PHO,SG,24,24,34.5,8.1,17.8,0.456,1.7,5.6,0.304,6.4,12.2,0.526,0.504,7.1,8.2,0.868,1,3.3,4.3,6.5,0.9,0.4,3.5,2.9,25.1,,bookede01
19,Kevin Durant,37,HOU,SF,22,22,36.1,8.7,17,0.513,1.9,4.5,0.42,6.8,12.5,0.547,0.57,5.8,6.5,0.894,0.3,4.5,4.7,3.9,1,1,3.2,2.4,25.1,,duranke01
20,Victor Wembanyama,22,SAS,C,14,12,32.4,8.8,17.4,0.506,1.6,4.4,0.355,7.2,12.9,0.558,0.551,5.9,7,0.847,2,10.3,12.3,3.9,1,3.5,3.6,3.4,25.1,,wembavi01
21,Kawhi Leonard,34,LAC,SF,17,17,32.6,9.1,18.5,0.489,2.1,6,0.353,6.9,12.5,0.554,0.546,4.6,4.7,0.975,0.8,4.9,5.8,3.2,1.9,0.4,1.9,1.5,24.8,,leonaka01
22,Norman Powell,32,MIA,SG,22,22,30.9,8,16.1,0.496,3,6.9,0.434,5,9.2,0.542,0.589,5.4,6.3,0.855,0.4,3.5,3.8,2.5,1.2,0.3,2,2.4,24.4,,powelno01
23,Keyonte George,22,UTA,PG,26,26,33.9,7.4,16.4,0.45,2.4,6.8,0.358,5,9.7,0.514,0.523,6.7,7.4,0.906,0.5,3.6,4,6.8,0.8,0.3,3.4,2.5,23.9,,georgke01
24,Pascal Siakam,31,IND,PF,26,26,34.1,8.7,18.5,0.473,1.7,4.7,0.358,7,13.7,0.513,0.519,4.7,6.7,0.701,1.6,5.2,6.8,4,1.3,0.5,2.1,2.8,23.8,,siakapa01
25,Alperen Şengün,23,HOU,C,22,22,36.2,8.9,17.9,0.495,0.9,2.8,0.328,8,15.1,0.526,0.52,5,6.9,0.73,3.2,6.3,9.5,7.2,1.5,1,3.3,3.6,23.7,,sengual01
26,Jalen Johnson,24,ATL,SF,25,25,35.3,8.6,16.4,0.521,1.6,4.2,0.39,6.9,12.2,0.565,0.571,4.8,5.8,0.822,1.5,9,10.5,8.2,1.6,0.4,3.4,2.2,23.6,,johnsja05
27,Tyler Herro,26,MIA,SG,6,6,31.8,8.3,16.5,0.505,2.5,6.2,0.405,5.8,10.3,0.565,0.581,4,4.3,0.923,0.5,4.5,5,2.3,1,0.5,1.2,1.5,23.2,,herroty01
28,Julius Randle,31,MIN,PF,27,27,33.9,7.8,15.8,0.492,1.7,5,0.346,6,10.8,0.56,0.547,5.7,6.9,0.824,1.6,5.6,7.2,5.7,1.1,0.1,2.7,2.6,23,,randlju01
29,De'Aaron Fox,28,SAS,PG,18,18,32.4,7.9,16.6,0.478,2.4,6.3,0.386,5.5,10.3,0.535,0.552,4.6,5.4,0.837,0.8,2.8,3.6,6,1.5,0.3,3.2,2.3,22.9,,foxde01
30,Franz Wagner,24,ORL,SF,24,24,33.4,7.8,15.9,0.49,1.5,4.2,0.36,6.3,11.8,0.535,0.537,5.6,6.8,0.823,1.5,4.6,6.1,3.7,1.2,0.4,1.8,2.2,22.7,,wagnefr01
31,Karl-Anthony Towns,30,NYK,C,24,24,33.2,7.3,15.4,0.474,1.9,5.2,0.36,5.4,10.2,0.533,0.535,5.9,6.7,0.882,3.1,8.8,11.9,3.2,0.8,0.8,2.4,3.4,22.4,,townska01
32,Brandon Ingram,28,TOR,SF,28,28,34.3,8.1,17.1,0.473,1.7,4.7,0.366,6.4,12.5,0.513,0.523,4.1,5,0.816,0.8,5.1,5.9,3.8,0.9,0.5,3.2,2,22,,ingrabr01
33,Coby White,25,CHI,SG,10,8,29.3,6.9,15.5,0.445,2.1,7.2,0.292,4.8,8.3,0.578,0.513,6.1,7.5,0.813,0.2,3.2,3.4,4.8,0.8,0,2.8,2.2,22,,whiteco01
34,Shaedon Sharpe,22,POR,SG,23,17,28.8,8,17.5,0.457,2,6.1,0.321,6,11.4,0.529,0.512,4,5.1,0.778,1.2,3.4,4.6,2.4,1.4,0.2,2.9,2.3,21.9,,sharpsh01
35,Dillon Brooks,30,PHO,SF,21,21,30.9,8,17.9,0.448,2.4,7.4,0.329,5.6,10.5,0.532,0.516,3.2,4,0.819,0.9,2.3,3.1,1.8,1.4,0.1,2.3,3.6,21.7,,brookdi01
36,Cam Thomas,24,BRK,SG,8,8,28.3,6.6,16.5,0.402,2,5.6,0.356,4.6,10.9,0.425,0.462,6.1,7,0.875,0.4,1,1.4,2.6,0.5,0.1,2,1.9,21.4,,thomaca02
37,Trey Murphy III,25,NOP,SF,26,26,35.6,7.5,15.1,0.496,2.7,7.2,0.367,4.8,7.9,0.615,0.584,3.7,4.1,0.906,1.5,4.9,6.4,3.5,1.7,0.2,2,2.2,21.3,,murphtr02
38,Miles Bridges,27,CHO,PF,27,27,34.8,7.4,17.1,0.434,2.4,7.6,0.322,5,9.5,0.523,0.505,3.9,4.6,0.847,1,5.2,6.2,3.7,0.6,0.5,1.5,1.8,21.1,,bridgmi02
39,Paolo Banchero,23,ORL,PF,17,17,32.1,6.6,14.9,0.447,1,4,0.25,5.6,10.9,0.519,0.48,6.5,8.5,0.771,0.9,7.4,8.4,4.1,0.6,0.7,2.6,2.2,20.8,,banchpa01
40,Nickeil Alexander-Walker,27,ATL,SG,26,22,32.7,7,15.3,0.46,2.9,7.4,0.394,4.1,7.9,0.522,0.555,3.7,4.2,0.872,0.8,2.9,3.8,3.3,0.9,0.7,2.2,2.2,20.7,,alexani01
41,Zion Williamson,25,NOP,PF,12,10,29.8,7,14,0.5,0,0.3,0,7,13.8,0.509,0.5,6.7,9.2,0.727,2.3,3.2,5.4,4,1.3,0.5,2.8,2.2,20.7,,willizi01
42,Joel Embiid,31,PHI,C,11,11,26.2,6.8,16.2,0.421,1.1,4.8,0.226,5.7,11.4,0.504,0.455,5.7,7,0.818,1.8,4.8,6.6,2.8,0.8,1.3,2.5,2,20.5,,embiijo01
43,Josh Giddey,23,CHI,PG,24,24,33.7,7,14.8,0.476,1.9,4.8,0.404,5.1,10,0.51,0.541,4.3,5.6,0.756,1.3,8.1,9.4,8.9,1,0.5,3.6,1.9,20.3,,giddejo01
44,Zach LaVine,30,SAC,SG,23,23,32.8,7.2,14.7,0.487,2.7,7,0.385,4.5,7.7,0.579,0.578,3.1,3.6,0.867,0.3,2.7,3,2.3,0.7,0.2,2.2,2.2,20.2,,lavinza01
45,Jerami Grant,31,POR,PF,26,14,30.3,6,13.8,0.436,2.5,6.4,0.389,3.5,7.3,0.476,0.527,5.5,6.3,0.866,1.2,2.9,4,2.7,0.7,0.6,2.2,3,20,,grantje01
46,LaMelo Ball,24,CHO,PG,17,17,28.9,6.9,17.2,0.399,2.8,8.7,0.318,4.1,8.5,0.483,0.48,3.4,3.8,0.877,1.1,4.8,5.9,8.8,1.1,0.2,3.5,3.1,19.9,,ballla01
47,Scottie Barnes,24,TOR,PF,28,28,33.9,7.7,15.1,0.508,1.4,3.6,0.386,6.3,11.5,0.547,0.554,3,3.7,0.817,2.2,5.8,8,5.2,1.4,1.6,2.6,3.1,19.8,,barnesc01
48,Bennedict Mathurin,23,IND,SF,16,16,32.9,6.1,13.9,0.441,2.6,6.5,0.394,3.6,7.4,0.483,0.534,5,5.9,0.851,0.9,4.8,5.6,2.3,0.8,0.2,2.6,3,19.8,,mathube01
49,Jimmy Butler,36,GSW,SF,24,24,31.3,6,11.7,0.518,0.9,1.9,0.457,5.2,9.8,0.53,0.555,6.7,7.8,0.851,2.2,3.5,5.8,4.9,1.6,0.2,1.5,1.3,19.6,,butleji01
50,Anthony Davis,32,DAL,PF,12,12,30.3,8.1,16,0.505,0.7,2,0.333,7.4,14,0.53,0.526,2.8,3.9,0.702,3.2,7.7,10.8,3.1,1.3,1.8,1.8,2.2,19.6,,davisan02
51,Kevin Porter Jr.,25,MIL,PG,9,9,30.6,6.4,13.1,0.492,2.7,5.3,0.5,3.8,7.8,0.486,0.593,4,4.6,0.878,0.6,3.7,4.2,7.6,2.1,0.3,3.3,2.2,19.6,,porteke02
52,RJ Barrett,25,TOR,SF,17,17,30.9,7.1,13.9,0.506,1.8,5.1,0.356,5.2,8.8,0.593,0.572,3.4,4.7,0.725,0.7,4.1,4.8,3.8,0.8,0.2,1.5,2.6,19.4,,barrerj01
53,Kon Knueppel,20,CHO,SF,27,26,34,6.8,14.3,0.477,3.5,8.6,0.409,3.3,5.7,0.578,0.6,2.2,2.4,0.923,0.9,4.4,5.4,3.6,0.8,0.2,2.4,2.4,19.4,,knuepko01
54,Kristaps Porziņģis,30,ATL,C,13,12,25.9,6.4,12.8,0.497,1.8,5.1,0.364,4.5,7.8,0.584,0.569,4.5,5.3,0.855,1.5,4.2,5.6,3.1,0.5,1.6,0.9,3.4,19.2,,porzikr01
55,Evan Mobley,24,CLE,PF,25,25,34.2,7,14.1,0.496,1.5,4.3,0.352,5.5,9.8,0.559,0.55,3.6,5.6,0.64,2.6,6.7,9.3,4.1,1,1.6,2.2,2.4,19.1,,mobleev01
56,Alex Sarr,20,WAS,C,17,17,29.4,7.8,15.2,0.51,1.2,3.3,0.357,6.6,11.9,0.552,0.548,2.3,3.6,0.639,2.3,6,8.3,3.2,0.8,1.9,2,1.9,19,,sarral01
57,Chet Holmgren,23,OKC,PF,23,23,28.9,7,12.2,0.577,1.6,3.9,0.404,5.5,8.3,0.656,0.641,3.2,4,0.796,1.4,6.5,8,1.7,0.6,1.4,1.9,3,18.9,,holmgch01
58,Aaron Gordon,30,DEN,PF,13,13,28.3,6.3,11.8,0.532,2.2,4.8,0.444,4.2,7,0.593,0.623,4,4.6,0.867,1.5,4.5,5.9,1.3,0.8,0.2,1.4,1.8,18.8,,gordoaa01
59,Bam Adebayo,28,MIA,C,21,21,30.9,6.8,14.3,0.473,1.6,4.7,0.333,5.2,9.6,0.542,0.528,3.6,4.7,0.765,1.4,8,9.4,2.4,1,1,1.8,1.5,18.7,,adebaba01
60,Cooper Flagg,19,DAL,SF,27,27,34.2,7.1,14.8,0.478,0.8,3.4,0.239,6.3,11.4,0.549,0.505,3.6,4.4,0.817,1.2,5.2,6.4,3.6,1.3,0.8,2.1,2.3,18.6,,flaggco01
61,LeBron James,41,LAL,SF,10,10,33.7,6.8,14.5,0.469,1.2,4.6,0.261,5.6,9.9,0.566,0.51,3.8,5.5,0.691,0.8,5,5.8,7.5,0.8,0.7,2.6,1.6,18.6,,jamesle01
62,CJ McCollum,34,WAS,SG,25,25,30.4,6.7,15.2,0.442,2.9,7.2,0.398,3.8,8,0.482,0.537,2.3,2.9,0.781,0.6,2.7,3.2,3.4,0.8,0.2,1.6,2.2,18.6,,mccolcj01
63,Desmond Bane,27,ORL,SG,27,27,33.5,6.7,15.2,0.441,1.7,5.1,0.343,5,10.1,0.491,0.499,3.3,3.6,0.938,1.3,3.1,4.4,4.7,0.7,0.4,2,3.1,18.5,,banede01
64,Stephon Castle,21,SAS,PG,17,17,30.8,6.4,12.4,0.512,1.1,4,0.279,5.2,8.4,0.622,0.557,4.5,6.4,0.713,1.5,4.4,5.8,6.9,1.3,0.4,4,3.5,18.4,,castlst01
65,DeMar DeRozan,36,SAC,PF,27,27,32.9,6.6,13.1,0.507,0.9,2,0.418,5.8,11,0.523,0.54,4.1,4.6,0.902,0.5,2.7,3.2,3.4,1.3,0.2,1,2.1,18.2,,derozde01
66,Brandon Miller,23,CHO,SF,11,11,28.9,6.3,16.4,0.383,2.6,8,0.33,3.6,8.4,0.435,0.464,3,3.5,0.846,1.1,2.8,3.9,3.9,1,1.1,2.4,2.8,18.2,,millebr02
67,Jalen Duren,22,DET,C,24,24,29.2,6.7,10.7,0.629,0,0,,6.7,10.7,0.629,0.629,4.6,6.2,0.743,4.2,6.8,11,1.7,0.9,1,2.4,3.3,18,,durenja01
68,Andrew Nembhard,26,IND,PG,19,19,31.5,6.1,13.9,0.436,1.8,5,0.368,4.2,8.9,0.473,0.502,4.1,4.8,0.846,0.4,1.8,2.2,6.5,0.9,0.2,2.2,2.4,18,,nembhan01
69,Jaren Jackson Jr.,26,MEM,C,25,25,29.5,6.6,13.8,0.483,1.6,4.5,0.354,5,9.2,0.545,0.541,2.9,3.8,0.777,0.9,4.4,5.2,2,0.8,1.2,2.1,4,17.8,,jacksja02
70,Derrick White,31,BOS,SG,25,25,33.2,6.1,15.4,0.396,3.1,9.2,0.338,3,6.2,0.484,0.497,2.4,2.8,0.845,0.8,3.2,4.1,5,1.4,1.2,1.9,2,17.8,,whitede01
71,Ja Morant,26,MEM,PG,14,14,28,5.8,16.2,0.357,0.9,4.8,0.194,4.9,11.4,0.425,0.385,5.2,5.6,0.924,0.5,3,3.5,7.5,0.9,0.2,3.6,2.1,17.7,,moranja01
72,Amen Thompson,23,HOU,PG,24,24,36.7,6.9,14,0.493,0.4,2,0.184,6.5,12,0.545,0.506,3.4,4.2,0.81,2.7,4.6,7.3,5.2,1.3,0.5,2.6,2.5,17.6,,thompam01
73,Jalen Williams,24,OKC,SG,8,8,28.8,6.6,14.3,0.465,1,2.6,0.381,5.6,11.6,0.484,0.5,3.4,3.5,0.964,0.4,4.5,4.9,5.8,1.6,0.6,1.5,1.8,17.6,,willija06
74,Jordan Poole,26,NOP,PG,10,4,29,5.4,14.6,0.37,2.7,8.6,0.314,2.7,6,0.45,0.462,3.9,4,0.975,0.3,1.3,1.6,3.3,0.8,0.3,1.9,2.2,17.4,,poolejo01
75,Domantas Sabonis,29,SAC,C,11,11,33.2,6.7,13.2,0.51,0.4,1.8,0.2,6.4,11.4,0.56,0.524,3.4,4.6,0.725,3.4,8.9,12.3,3.7,1.2,0.2,2.5,4,17.2,,sabondo01
76,Paul George,35,PHI,PF,10,10,26.2,5.7,12.9,0.442,2.6,6,0.433,3.1,6.9,0.449,0.543,3.1,3.6,0.861,0.4,4.6,5,3.3,1.4,0.4,1.7,1.5,17.1,,georgpa01
77,Ryan Rollins,23,MIL,PG,28,26,31.6,6.6,14,0.473,2.3,5.8,0.389,4.4,8.2,0.533,0.554,1.5,2,0.782,0.7,3.3,4,5.9,1.6,0.3,2.6,2.8,17,,rolliry01
78,Kelly Oubre Jr.,30,PHI,SF,12,12,34.8,6.2,12.4,0.497,1.9,5.6,0.343,4.3,6.8,0.622,0.574,2.5,3.2,0.789,1.2,3.9,5.1,1.3,1.1,0.8,1.5,2.7,16.8,,oubreke01
79,Jrue Holiday,35,POR,PG,12,12,33.4,6.2,13.8,0.446,2.6,7.1,0.365,3.6,6.8,0.531,0.539,1.8,2.1,0.84,1.3,3.9,5.3,8.3,1.6,0.3,2.9,2,16.7,,holidjr01
80,Payton Pritchard,28,BOS,PG,26,26,32.4,6.2,14,0.44,2.7,8.1,0.333,3.5,5.9,0.584,0.536,1.7,1.9,0.86,1,3.2,4.3,5,0.7,0.1,1.2,1.7,16.7,,pritcpa01
81,Mikal Bridges,29,NYK,SF,26,26,34.8,6.6,12.6,0.523,2.3,5.5,0.41,4.3,7,0.612,0.613,1.2,1.5,0.795,1.2,3.5,4.7,4.2,1.8,1.1,1,2.3,16.6,,bridgmi01
82,Grayson Allen,30,PHO,SG,18,18,31.1,5.6,12.9,0.431,3.2,8.2,0.392,2.3,4.7,0.5,0.556,2,2.5,0.8,0.5,2.2,2.7,4.1,1.7,0.2,1.7,2.4,16.3,,allengr01
83,Andrew Wiggins,30,MIA,SF,24,24,32.9,6.4,13.5,0.474,1.8,4.7,0.381,4.6,8.8,0.524,0.54,1.8,2.5,0.712,1.5,3.2,4.8,2.8,1.1,1.1,1.8,2.5,16.3,,wiggian01
84,OG Anunoby,28,NYK,PF,17,17,31.4,5.8,12.1,0.481,2.5,6.2,0.4,3.4,5.9,0.564,0.583,2.1,2.7,0.761,1.4,4.1,5.4,1.9,1.9,0.6,2,2.4,16.2,,anunoog01
85,Quentin Grimes,25,PHI,SG,24,6,33.4,5.2,11.8,0.44,2.4,6.5,0.369,2.8,5.2,0.528,0.543,3.4,4,0.863,0.8,3.4,4.2,4.5,0.9,0.4,2.6,2,16.2,,grimequ01
86,Immanuel Quickley,26,TOR,PG,27,27,32.2,5.9,12.7,0.465,2.4,6.6,0.371,3.5,6.1,0.566,0.561,1.9,2.6,0.739,0.5,3.8,4.3,6.3,1.2,0,1.8,2.1,16.2,,quickim01
87,Trae Young,27,ATL,PG,6,6,26.5,4.8,13,0.372,0.8,5.2,0.161,4,7.8,0.511,0.404,5.7,6.8,0.829,0,1.8,1.8,8.2,0.8,0.2,2.2,1.8,16.2,,youngtr01
88,Onyeka Okongwu,25,ATL,C,27,16,31,6,12.1,0.495,1.8,5.1,0.353,4.2,7,0.601,0.57,2.1,2.8,0.763,1.7,5.7,7.4,3,1,1.2,2.1,3.4,16,,okongon01
89,P.J. Washington,27,DAL,PF,23,23,32.1,6,13.3,0.448,1.5,4.7,0.327,4.4,8.7,0.513,0.505,2.6,3.9,0.674,1.5,6.4,7.9,2.1,1.1,1.3,2.5,2.5,16,,washipj01
90,Ivica Zubac,28,LAC,C,27,27,32.8,7,11.4,0.608,0,0,,7,11.4,0.608,0.608,2.1,2.9,0.709,3.5,8,11.5,2.6,0.4,1,2,2.6,16,,zubaciv01
91,Devin Vassell,25,SAS,SG,26,26,32.2,5.5,12.7,0.436,2.8,6.9,0.4,2.8,5.8,0.48,0.545,2,2.2,0.879,0.4,3.5,3.8,2.6,1,0.5,1,2.3,15.8,,vassede01
92,Nikola Vučević,35,CHI,C,25,25,30,6.4,13.1,0.485,1.8,4.8,0.383,4.5,8.3,0.543,0.555,1.2,1.6,0.769,2.2,6.9,9.1,3.4,0.8,0.4,1.6,2.2,15.8,,vucevni01
93,Jaden McDaniels,25,MIN,PF,26,26,33,6,11.8,0.51,1.5,3.6,0.419,4.5,8.3,0.549,0.573,2.1,2.5,0.859,1.2,3.6,4.8,2.7,1.2,1,1.8,3.7,15.7,,mcdanja02
94,Jalen Green,23,PHO,SG,2,2,15,5.5,11.5,0.478,3,7,0.429,2.5,4.5,0.556,0.609,1.5,2.5,0.6,1,1,2,2,1,0,1,1,15.5,,greenja05
95,Jaime Jaquez Jr.,24,MIA,SF,26,0,29.2,6.3,12.1,0.521,0.3,1.5,0.231,6,10.6,0.562,0.535,2.5,3.3,0.767,1.4,4.3,5.7,4.8,0.8,0.2,2.2,2.2,15.5,,jaqueja01
96,Aaron Nesmith,26,IND,SF,11,11,30.5,4.9,13.4,0.367,2.8,7.5,0.373,2.1,5.8,0.359,0.473,2.8,3.5,0.795,1.5,2.9,4.5,1.5,0.8,0.3,0.7,2.5,15.5,,nesmiaa01
97,Collin Sexton,27,CHO,SG,21,10,25.2,5.2,10.7,0.489,1.2,3.4,0.366,4,7.3,0.545,0.547,3.8,4.3,0.879,0.4,1.8,2.2,4.2,0.7,0.2,2.5,1.9,15.5,,sextoco01
98,Jeremiah Fears,19,NOP,PG,28,26,27.4,5.8,13,0.449,1.1,3.2,0.36,4.7,9.8,0.478,0.493,2.6,3.3,0.796,0.6,2.8,3.4,3.1,1.4,0.1,2.3,2,15.4,,fearsje01
99,Darius Garland,26,CLE,PG,12,12,30,5.1,14,0.363,1.9,6.5,0.295,3.2,7.5,0.422,0.432,3.3,3.8,0.87,0.7,2.4,3.1,6.4,0.8,0.2,2.8,1.8,15.4,,garlada01
100,Jalen Suggs,24,ORL,PG,21,21,25.6,5.4,11.4,0.471,2,6.1,0.328,3.4,5.3,0.634,0.558,2.7,3.1,0.862,0.8,3,3.7,4.8,1.9,0.6,2.7,3,15.4,,suggsja01
101,Deandre Ayton,27,LAL,C,23,23,29.4,7.1,10,0.71,0,0,,7.1,10,0.71,0.71,1,1.7,0.632,2.9,6,9,0.9,0.8,1,2,2.7,15.3,,aytonde01
102,De'Andre Hunter,28,CLE,SF,24,23,28.6,5.2,12,0.429,1.9,6.3,0.305,3.3,5.8,0.565,0.509,3,3.5,0.847,0.7,3.6,4.3,2.2,0.7,0.1,1.6,2.8,15.3,,huntede01
103,Jabari Smith Jr.,22,HOU,PF,23,23,34.4,5.5,12.3,0.447,2,5.7,0.362,3.4,6.6,0.52,0.53,2.3,2.9,0.788,1.6,5.4,7,2,0.7,0.7,1.5,3.1,15.3,,smithja05
104,Ayo Dosunmu,26,CHI,SG,20,7,27.8,5.5,10.5,0.519,1.9,4,0.475,3.6,6.5,0.546,0.61,2.4,2.8,0.857,0.4,2.3,2.7,3.2,0.6,0.3,1.4,1.8,15.2,,dosunay01
105,VJ Edgecombe,20,PHI,SG,22,22,35,5.6,13.3,0.421,2,5.3,0.388,3.5,8,0.443,0.498,2,2.6,0.772,1.7,3.9,5.6,4,1.3,0.5,1.7,3.3,15.2,,edgecvj01
106,Keegan Murray,25,SAC,PF,12,11,37.4,6,13.8,0.434,1.4,5.4,0.262,4.6,8.4,0.545,0.485,1.7,2.3,0.714,1.8,5.3,7.1,1.6,1.7,1.9,1.2,2.3,15.1,,murrake02
107,Saddiq Bey,26,NOP,SF,27,19,29.4,5.3,11.6,0.455,1.8,5.1,0.35,3.5,6.6,0.537,0.532,2.3,3,0.778,1.9,4.3,6.1,2.2,1,0.1,0.6,1,14.7,,beysa01
108,Kyshawn George,22,WAS,SF,23,23,31.6,5.3,11.5,0.458,2.3,5.5,0.425,2.9,6,0.489,0.561,1.8,2.5,0.724,0.9,5,5.8,5,1.1,0.9,3.2,4.2,14.7,,georgky01
109,Walker Kessler,24,UTA,C,5,5,30.8,5.2,7.4,0.703,1.2,1.6,0.75,4,5.8,0.69,0.784,2.8,4,0.7,4.6,6.2,10.8,3,1.4,1.8,3.2,4.4,14.4,,kesslwa01
110,Ajay Mitchell,23,OKC,SG,27,7,26.3,5,10.8,0.467,1.1,3.1,0.353,3.9,7.6,0.515,0.519,2.9,3.3,0.886,0.6,2.9,3.5,3.7,1.5,0.3,1.6,2,14.1,,mitchaj01
111,Jarrett Allen,27,CLE,C,17,17,26,5.4,9.4,0.575,0,0.2,0,5.4,9.2,0.59,0.575,3.2,4.2,0.761,2.2,5.1,7.2,1.8,0.9,0.9,1.6,1.5,14,,allenja01
112,Naz Reid,26,MIN,C,27,0,26.5,5.3,11.5,0.457,2.4,6.4,0.384,2.8,5.1,0.547,0.563,1,1.3,0.771,1.1,5,6.1,2.5,1,0.9,1.4,2.6,14,,reidna01
113,Obi Toppin,27,IND,PF,3,0,27.3,5,12,0.417,1,5.7,0.176,4,6.3,0.632,0.458,3,3,1,1,5.7,6.7,1.7,1,0,2,2.3,14,,toppiob01
114,Russell Westbrook,37,SAC,SF,27,21,29,5.3,11.9,0.442,1.7,4.9,0.359,3.5,7,0.5,0.516,1.7,2.6,0.671,1.4,5.3,6.7,7.4,1.3,0.1,3.3,2.4,14,,westbru01
115,Donte DiVincenzo,29,MIN,SG,27,27,31.6,4.5,10.9,0.413,3.1,8.1,0.379,1.4,2.7,0.514,0.555,1.8,2.3,0.79,1,3.3,4.4,3.8,1.2,0.5,1.3,2.4,13.9,,divindo01
116,Sam Merrill,29,CLE,SG,12,8,25.9,4.5,9.7,0.466,3.7,8.3,0.444,0.8,1.4,0.588,0.655,1.3,1.3,0.938,0.8,1.3,2.1,2.3,0.5,0.3,0.8,2.9,13.9,,merrisa01
117,Dylan Harper,19,SAS,SG,16,0,21.9,5.3,11.1,0.478,0.8,2.7,0.302,4.5,8.4,0.533,0.514,2.3,3.2,0.725,1.1,2.2,3.3,3.6,0.9,0.1,1.6,2.4,13.8,,harpedy01
118,Zach Edey,23,MEM,C,11,11,25.8,5.6,8.9,0.633,0.1,0.5,0.2,5.5,8.5,0.656,0.638,2.3,2.9,0.781,3.9,7.2,11.1,1.1,0.6,1.9,2.4,3.4,13.6,,edeyza01
119,Nic Claxton,26,BRK,C,26,26,30.3,5.2,9.3,0.564,0,0.4,0.091,5.2,8.8,0.587,0.566,3,4.4,0.693,2.8,5,7.8,4.5,0.7,1.4,1.5,2.2,13.5,,claxtni01
120,Kyle Kuzma,30,MIL,PF,26,12,26.2,5.2,10.1,0.515,0.9,2.7,0.329,4.3,7.4,0.583,0.559,2.2,3,0.731,0.9,3.7,4.6,2.2,0.8,0.5,1.6,2.4,13.5,,kuzmaky01
121,Jaylon Tyson,23,CLE,SG,23,17,28.3,5.1,9.4,0.539,2.1,4.5,0.466,3,5,0.605,0.65,1.2,1.6,0.778,2,3.6,5.6,2,1,0.7,1,3.4,13.5,,tysonja01
122,Matas Buzelis,21,CHI,PF,26,26,27.9,4.9,10.4,0.47,1.4,4.3,0.319,3.5,6,0.58,0.537,2.3,2.8,0.819,1.1,4.2,5.3,1.6,0.8,1.3,1.9,2.8,13.4,,buzelma01
123,Cedric Coward,22,MEM,SG,27,14,27.1,4.9,10.6,0.46,1.4,4.5,0.311,3.4,6,0.571,0.526,2.3,2.7,0.849,1.4,4.8,6.2,2.8,0.6,0.3,1.6,2,13.4,,cowarce01
124,Tobias Harris,33,DET,PF,17,17,28.6,4.8,10.9,0.435,1.5,4.4,0.347,3.2,6.5,0.495,0.505,2.4,2.8,0.833,0.9,4.1,5,2.4,0.5,0.2,1,2.4,13.4,,harrito02
125,Anthony Black,22,ORL,PG,27,7,28.9,4.9,11,0.441,1.1,3.7,0.3,3.7,7.3,0.513,0.492,2.5,3.7,0.68,0.7,3.3,4,3.3,1.3,0.7,2.2,2.5,13.3,,blackan01
126,Rui Hachimura,27,LAL,PF,25,25,32.9,5.2,9.6,0.535,1.9,4.1,0.456,3.3,5.5,0.594,0.633,1.1,1.4,0.75,0.8,3,3.8,0.8,0.5,0.2,0.9,1.8,13.3,,hachiru01
127,Noah Clowney,21,BRK,PF,26,20,28,3.9,9.7,0.403,2.2,6.5,0.341,1.7,3.2,0.53,0.518,3.1,3.7,0.833,0.7,3.1,3.8,1.9,0.7,0.8,1.8,2.7,13.2,,clownno01
128,Collin Gillespie,26,PHO,PG,27,8,27.7,4.6,10.6,0.435,2.8,6.7,0.417,1.8,3.9,0.467,0.567,1.1,1.3,0.886,1,2.9,3.9,4.8,1.2,0.3,1.9,1.4,13.1,,gilleco01
129,Malik Monk,27,SAC,SG,23,0,24,4.7,10.7,0.435,1.9,4.7,0.411,2.7,6,0.453,0.524,1.8,2,0.872,0.4,1.7,2.1,2.5,0.8,0.5,1.2,1.8,13,,monkma01
130,Anfernee Simons,26,BOS,SG,26,0,23.7,4.6,10.7,0.43,2.3,6.1,0.38,2.3,4.6,0.496,0.538,1.5,1.7,0.886,0.3,1.7,2.1,2.5,0.5,0.2,1,2,13,,simonan01
131,Mark Williams,24,PHO,C,23,20,24.8,5.1,7.7,0.665,0,0,1,5,7.6,0.663,0.668,2.8,3.7,0.762,3,5.1,8.1,1.1,1.3,0.9,1,2.6,13,,willima07
132,Santi Aldama,25,MEM,PF,27,5,26.9,4.9,10.5,0.468,1.4,4.3,0.325,3.5,6.2,0.569,0.535,1.6,2.4,0.667,1.4,5.1,6.5,3,0.9,0.7,1.1,1.5,12.9,,aldamsa01
133,Isaiah Joe,26,OKC,SG,18,0,23.3,4,8.6,0.468,2.9,6.8,0.431,1.1,1.7,0.613,0.64,2,2.2,0.923,0.6,2.3,2.9,1.6,0.7,0.2,1,1.8,12.9,,joeis01
134,Naji Marshall,28,DAL,SF,28,9,28.2,4.4,8.4,0.528,0.9,3.1,0.302,3.5,5.3,0.658,0.583,3.1,3.9,0.807,0.9,3.8,4.7,2.5,1.1,0.1,1,2.1,12.9,,marshna01
135,Harrison Barnes,33,SAS,PF,26,26,30.5,4.4,9.5,0.466,2.3,5.7,0.399,2.2,3.8,0.566,0.585,1.7,1.9,0.86,0.9,2.4,3.3,2.3,1,0.2,1.2,1.6,12.8,,barneha02
136,Derik Queen,21,NOP,C,28,16,25.6,4.9,9.7,0.5,0.1,0.7,0.1,4.8,9,0.532,0.504,3,3.8,0.794,1.7,4.9,6.6,4,1,0.9,2.3,3.3,12.8,,queende01
137,Reed Sheppard,21,HOU,SG,24,4,25.3,4.8,10.5,0.456,2.6,6,0.428,2.2,4.5,0.495,0.579,0.7,1,0.696,0.3,2.8,3.2,3.3,1.5,0.5,1.2,2,12.8,,sheppre01
138,Jaylen Wells,22,MEM,SG,27,27,27,4.3,9.7,0.443,1.8,5,0.363,2.5,4.7,0.528,0.536,2.3,3,0.788,1,2.6,3.6,1.7,0.9,0,0.8,2,12.7,,wellsja01
139,Keldon Johnson,26,SAS,SF,26,0,23.5,4.8,8.5,0.566,0.9,2.7,0.343,3.9,5.8,0.669,0.62,2,2.7,0.746,2,4.5,6.6,1.6,0.7,0.1,1,2,12.6,,johnske04
140,Toumani Camara,25,POR,PF,27,27,33.1,4.5,10.7,0.419,2.4,7,0.339,2.1,3.7,0.57,0.529,1.1,1.6,0.721,1.9,3.4,5.3,2.9,1.1,0.5,2,3.4,12.5,,camarto01
141,Myles Turner,29,MIL,C,28,28,28.6,4.1,9.4,0.432,2.2,5.9,0.378,1.9,3.6,0.52,0.549,2.1,2.9,0.732,1.1,4.4,5.5,1.6,0.8,1.5,1,2.8,12.5,,turnemy01
142,Josh Hart,30,NYK,SF,24,10,29.7,4.7,9.1,0.511,1.5,4,0.381,3.1,5.1,0.615,0.596,1.5,1.9,0.822,1.7,6,7.7,5,1.4,0.3,2.1,2.6,12.4,,hartjo01
143,Tre Jones,26,CHI,PG,20,11,28,4.2,8.2,0.515,0.4,1.6,0.25,3.8,6.6,0.58,0.54,3.6,4.3,0.847,0.6,2.5,3,5.2,1.7,0.3,1.5,1.6,12.4,,jonestr01
144,Wendell Carter Jr.,26,ORL,C,26,26,29.8,4.2,7.8,0.542,1.3,3,0.442,2.9,4.8,0.603,0.626,2.5,3.3,0.776,2.7,4.9,7.6,1.9,0.8,0.7,1.5,3.7,12.3,,cartewe01
145,John Collins,28,LAC,PF,27,18,27,4.8,9.6,0.498,0.9,3,0.288,3.9,6.6,0.592,0.542,1.9,2.3,0.81,1.2,3.3,4.5,0.8,0.8,0.6,1.5,2.3,12.3,,collijo01
146,Brandin Podziemski,22,GSW,SG,28,11,27.7,4.4,9.6,0.454,1.9,4.7,0.412,2.4,4.9,0.493,0.554,1.7,2.2,0.758,0.7,3.9,4.6,3.1,1.2,0.2,1.5,2.1,12.3,,podzibr01
147,Bobby Portis,30,MIL,PF,28,2,22.3,4.9,10,0.493,1.9,3.9,0.477,3.1,6.1,0.503,0.586,0.6,0.9,0.654,1.1,4.9,5.9,1.3,0.5,0.1,1,1.6,12.3,,portibo01
148,Dennis Schröder,32,SAC,PG,20,12,28.7,4.5,11.2,0.397,1.5,4.3,0.349,3,6.9,0.428,0.464,1.9,2.4,0.792,0.4,3.1,3.5,5.9,0.8,0.2,2,1.8,12.3,,schrode01
149,Tim Hardaway Jr.,33,DEN,SG,26,1,25.5,4.2,9,0.464,2.4,5.8,0.408,1.8,3.1,0.568,0.597,1.5,1.7,0.886,0.2,1.9,2.1,1.5,0.5,0.1,0.3,1.1,12.2,,hardati02
150,Isaiah Hartenstein,27,OKC,C,20,20,27.4,5.3,7.9,0.665,0,0.2,0,5.3,7.7,0.682,0.665,1.6,2.5,0.64,3.5,7.1,10.6,3.3,1.3,0.8,2.1,2.8,12.1,,harteis01
151,Kevin Huerter,27,CHI,SF,21,8,24.2,4.6,9.7,0.473,1.6,5,0.327,3,4.7,0.626,0.557,1.3,1.6,0.848,0.5,2.8,3.2,2.2,0.9,0.7,1.4,2.1,12.1,,huertke01
152,Cam Spencer,25,MEM,SG,26,1,21.7,3.9,7.6,0.515,2.5,5,0.508,1.4,2.6,0.529,0.682,1.7,1.8,0.915,0.3,1.9,2.2,4,0.8,0.1,1.2,1.7,12,,spencca01
153,Duncan Robinson,31,DET,SF,25,25,30.4,3.9,9.1,0.432,2.8,7.2,0.392,1.1,1.8,0.587,0.588,1.2,1.5,0.789,0.4,2.6,2.9,1.9,0.9,0.3,0.7,2.5,11.9,,robindu01
154,Aaron Wiggins,27,OKC,SG,16,5,24.1,4.5,9.9,0.456,2.2,5.4,0.407,2.3,4.5,0.514,0.566,0.7,0.9,0.733,0.8,2.4,3.1,1.8,0.6,0.6,1.1,2.1,11.9,,wiggiaa01
155,Max Christie,22,DAL,SG,28,21,28.7,3.9,8.2,0.48,2.4,5.3,0.459,1.5,2.9,0.519,0.629,1.5,1.8,0.84,0.2,3.1,3.3,1.9,0.5,0.5,1.1,1.6,11.8,,chrisma02
156,Jonathan Kuminga,23,GSW,PF,18,13,24.8,4.3,10.1,0.431,0.9,2.8,0.32,3.4,7.3,0.473,0.475,2.2,3,0.741,1.6,4.6,6.2,2.6,0.3,0.3,2.4,1.7,11.8,,kuminjo01
157,Dyson Daniels,22,ATL,SG,28,28,34,5.1,10.5,0.491,0.3,1.6,0.152,4.9,8.8,0.555,0.503,1.1,1.9,0.615,2.3,4.1,6.4,5.7,2,0.4,2.4,2.4,11.7,,daniedy01
158,Cameron Johnson,29,DEN,SF,25,25,30.9,4.1,8.8,0.466,1.8,4.6,0.395,2.3,4.2,0.543,0.568,1.8,2.2,0.8,0.8,2.9,3.7,2.2,0.6,0.3,1,2.3,11.7,,johnsca02
159,Rudy Gobert,33,MIN,C,27,27,31.2,4.8,6.4,0.746,0,0,,4.8,6.4,0.746,0.746,2.1,3.9,0.528,3.7,6.8,10.5,2,0.5,1.5,1.5,2.9,11.6,,goberru01
160,Miles McBride,25,NYK,SG,20,9,27,4,9.1,0.436,2.8,6.2,0.444,1.2,2.9,0.421,0.588,1,1.2,0.792,0.7,1.9,2.6,2.5,0.7,0.3,0.8,1.8,11.6,,mcbrimi01
161,Tari Eason,24,HOU,PF,11,1,23.2,4.3,8.6,0.495,2.5,4.8,0.509,1.8,3.8,0.476,0.637,0.5,0.6,0.714,1.5,3.7,5.2,1.6,0.8,0.5,1.7,1.6,11.5,,easonta01
162,Kel'el Ware,21,MIA,C,27,17,24.1,4.4,8.2,0.543,0.9,2.3,0.41,3.5,5.9,0.594,0.6,1.7,2,0.818,3.2,7.1,10.3,0.6,0.9,1.4,1.1,1.8,11.5,,wareke01
163,Christian Braun,24,DEN,SG,11,11,29.5,4.4,8.8,0.495,0.5,2.5,0.214,3.8,6.3,0.609,0.526,2.1,2.6,0.793,1.6,2.7,4.4,3,0.8,0.3,1.3,2.2,11.4,,braunch01
164,Moses Moody,23,GSW,SG,26,15,24.9,3.7,9.1,0.407,2.3,6.1,0.377,1.4,3,0.468,0.534,1.7,2,0.83,0.9,2.5,3.4,1.5,1,0.7,1.1,2.1,11.4,,moodymo01
165,Ausar Thompson,23,DET,SF,23,22,26.6,4.7,9.2,0.517,0.2,0.7,0.313,4.5,8.5,0.533,0.528,1.7,3.3,0.526,2,3.8,5.8,2.8,1.4,0.7,1.4,2.6,11.4,,thompau01
166,Julian Champagnie,24,SAS,SF,26,17,28.6,3.5,8.3,0.428,2.3,6.2,0.379,1.2,2.1,0.574,0.57,1.7,2,0.843,0.9,4.7,5.6,1.5,0.9,0.5,1,1.5,11.1,,champju02
167,A.J. Green,26,MIL,SG,25,25,28.8,3.5,7.2,0.486,3.2,6.6,0.485,0.3,0.6,0.5,0.707,0.8,1,0.792,0,2.7,2.8,2.1,0.6,0.1,0.8,2.7,11,,greenaj01
168,Tre Johnson,19,WAS,SG,18,4,23.3,4,9.3,0.429,1.9,4.9,0.398,2.1,4.4,0.463,0.533,1.1,1.3,0.826,0.6,2.4,3,1.4,0.4,0.4,1.4,1.8,11,,johnstr03
169,Jock Landale,30,MEM,C,27,13,22.2,4.3,8.1,0.53,1.1,2.7,0.431,3.1,5.4,0.578,0.6,1.3,1.9,0.686,2.4,3.2,5.6,1.6,0.6,0.4,1,2.6,11,,landajo01
170,Zaccharie Risacher,20,ATL,SF,25,25,24.5,4.4,9.5,0.458,1.3,4.3,0.299,3.1,5.2,0.588,0.525,1,1.4,0.706,0.8,2,2.7,1.5,1.1,0.5,0.8,2,11,,risacza01
171,D'Angelo Russell,29,DAL,PG,22,3,19.9,3.8,9.5,0.404,1.3,4.6,0.284,2.5,4.8,0.519,0.474,2,2.7,0.717,0.4,2.2,2.5,4.1,0.5,0.1,2.1,1.4,10.9,,russeda01
172,Brandon Williams,26,DAL,PG,25,9,22.2,3.7,9.4,0.396,0.6,2.9,0.192,3.2,6.5,0.488,0.426,2.9,3.6,0.8,0.6,2,2.6,4.1,1.3,0.3,1.9,1.6,10.9,,willibr03
173,Klay Thompson,35,DAL,SF,26,8,21.7,3.8,10.4,0.367,2.7,7.7,0.357,1.1,2.7,0.394,0.498,0.5,0.6,0.813,0.3,2.2,2.5,1.3,0.3,0.3,0.8,1.1,10.8,,thompkl01
174,Marcus Smart,31,LAL,SG,17,11,27.2,3.5,8.1,0.431,1.8,5.4,0.33,1.7,2.7,0.63,0.54,1.9,2.1,0.917,0.6,1.9,2.5,2.9,1.6,0.4,1.8,3.1,10.6,,smartma01
175,Derrick Jones Jr.,28,LAC,SF,13,13,24.9,3.8,7.1,0.533,1.2,3.5,0.348,2.5,3.5,0.717,0.62,1.7,2.2,0.786,0.8,1.5,2.4,1.1,0.8,1.2,0.8,2,10.5,,jonesde02
176,Royce O'Neale,32,PHO,SF,27,22,29.6,3.7,8.7,0.423,2.9,7,0.413,0.8,1.7,0.467,0.59,0.3,0.4,0.667,0.8,4.5,5.3,2.9,1.3,0.2,1.5,2.4,10.5,,onealro01
177,Peyton Watson,23,DEN,SF,25,15,26.2,3.9,7.8,0.503,1.1,2.8,0.391,2.8,5,0.563,0.572,1.6,2.2,0.714,1.2,3.6,4.8,1.6,0.9,1.1,1.2,2.2,10.5,,watsope01
178,Ace Bailey,19,UTA,SF,26,17,23.7,4.1,9.2,0.442,1.5,4.2,0.358,2.6,5,0.511,0.523,0.7,1.1,0.679,1.4,1.9,3.3,1.7,0.8,0.4,1.3,2.6,10.4,,baileac01
179,Khris Middleton,34,WAS,SF,16,16,25.8,4.2,8.5,0.493,0.9,2.5,0.35,3.3,6,0.552,0.544,1.2,1.6,0.731,1.2,3,4.2,3.5,0.7,0.4,1.8,3,10.4,,middlkh01
180,Isaiah Stewart,24,DET,C,24,7,22.8,3.9,7.2,0.543,1,2.4,0.397,3,4.8,0.617,0.61,1.6,2.2,0.731,2,4.1,6,1.2,0.2,1.9,1.1,3.1,10.4,,stewais01
181,Vit Krejci,25,ATL,PG,24,1,23.8,3.5,6.9,0.506,2.5,5.5,0.462,1,1.4,0.676,0.69,0.7,0.9,0.762,0.5,1.9,2.4,1.7,0.8,0.3,0.9,2.4,10.2,,krejcvi01
182,Donovan Clingan,21,POR,C,23,23,25.5,3.8,7.8,0.489,0.7,2.7,0.254,3.1,5.1,0.615,0.533,1.7,2.5,0.702,4.6,5.5,10.1,1.8,0.6,1.5,0.8,2.5,10.1,,clingdo01
183,Herbert Jones,27,NOP,SF,20,20,29.1,3.7,9.1,0.403,1.5,4.3,0.337,2.2,4.8,0.463,0.483,1.3,1.6,0.813,1.1,2.7,3.8,2.3,1.8,0.4,1.4,3.6,10.1,,joneshe01
184,Sandro Mamukelashvili,26,TOR,C,27,3,20.1,3.8,7.3,0.52,1.1,2.9,0.367,2.7,4.3,0.624,0.594,1.4,1.9,0.78,1.4,3.1,4.5,1.7,0.6,0.5,0.8,1.6,10.1,,mamuksa01
185,Jakob Poeltl,30,TOR,C,20,20,26.2,4.4,6.3,0.69,0,0,,4.4,6.3,0.69,0.69,1.4,2.4,0.596,2.9,5.2,8,2.3,0.8,0.6,1.6,3.3,10.1,,poeltja01
186,Quenton Jackson,27,IND,PG,7,4,19.4,3.3,6.7,0.489,1.1,2.7,0.421,2.1,4,0.536,0.574,2.3,3.1,0.727,0.7,2.7,3.4,2.9,0.9,0.1,1,1.6,10,,jacksqu01
187,Jordan Clarkson,33,NYK,SG,26,0,20.2,3.7,8.5,0.432,1.3,4.1,0.308,2.4,4.4,0.548,0.507,1.3,1.7,0.767,0.9,1.1,2,1.6,0.4,0.2,1.2,2,9.9,,clarkjo01
188,Davion Mitchell,27,MIA,PG,26,26,30.4,4,7.9,0.505,1,2.7,0.377,3,5.3,0.569,0.568,0.9,1.4,0.639,0.4,2.3,2.7,7.7,1.3,0.1,1.5,2.8,9.9,,mitchda01
189,Neemias Queta,26,BOS,C,24,24,24.7,4.3,6.7,0.65,0,0.1,0,4.3,6.5,0.662,0.65,1.3,2,0.612,3.2,5,8.2,1.6,0.7,1.3,0.8,3,9.9,,quetane01
190,Gary Trent Jr.,27,MIL,SG,28,17,27.9,3.4,8.6,0.396,2.2,6,0.371,1.2,2.6,0.452,0.525,0.9,1.1,0.806,0.1,1.2,1.3,1.7,0.9,0.1,0.8,1.6,9.9,,trentga02
191,Kyle Filipowski,22,UTA,C,25,9,23.2,3.6,7.4,0.478,0.9,2.8,0.333,2.6,4.7,0.564,0.54,1.8,2.4,0.733,1.7,4.9,6.6,2.2,0.5,0.5,1.2,2.9,9.8,,filipky01
192,Marvin Bagley III,26,WAS,PF,21,7,19.3,4,6.4,0.619,0.3,0.5,0.545,3.7,5.9,0.626,0.642,1.5,2.3,0.653,2.6,3,5.6,1.6,0.5,0.7,1.1,2.4,9.7,,baglema01
193,Tristan Da Silva,24,ORL,SF,26,10,23.2,3.6,8.2,0.439,1.6,4.4,0.365,2,3.8,0.525,0.537,0.8,1,0.815,0.8,3.1,3.9,1.2,0.8,0.2,1,1.2,9.7,,dasiltr01
194,Maxime Raynaud,22,SAC,C,19,5,19.4,3.8,7.3,0.522,0.3,0.9,0.353,3.5,6.4,0.545,0.543,1.7,2.2,0.762,1.4,3.7,5.1,1,0.4,0.5,0.9,2.2,9.6,,raynama01
195,Bogdan Bogdanović,33,LAC,SG,13,3,24.7,3.2,8,0.404,1.8,4.9,0.359,1.5,3.1,0.475,0.514,1.2,1.5,0.842,0.4,2.8,3.2,2.9,0.6,0.1,1.2,2.7,9.5,,bogdabo01
196,Simone Fontecchio,30,MIA,SF,26,1,19.1,3.1,7.7,0.4,2,5.5,0.366,1.1,2.2,0.483,0.53,1.3,1.6,0.829,0.5,2.5,3,1.6,0.4,0.2,1,1.7,9.5,,fontesi01
197,Jarace Walker,22,IND,PF,27,12,25.3,3.1,8.9,0.351,1.4,4.5,0.32,1.7,4.3,0.385,0.433,1.9,2.3,0.806,0.6,4.3,4.8,2,0.6,0.4,1.9,1.7,9.5,,walkeja02
198,Caris LeVert,31,DET,SG,21,0,20.8,3.3,7.1,0.463,1.4,3.4,0.408,1.9,3.7,0.513,0.56,1.4,2.2,0.638,0.3,1.4,1.7,3,0.7,0.4,1.3,1.3,9.4,,leverca01
199,Landry Shamet,28,NYK,SG,15,6,20.9,2.8,6.2,0.452,1.9,4.4,0.424,0.9,1.8,0.519,0.602,1.8,2.3,0.794,0.5,1.5,2,1.2,0.4,0.2,0.5,1.3,9.3,,shamela01
200,Jalen Smith,25,CHI,C,21,0,16.8,3.5,7.3,0.477,1.4,3.9,0.366,2,3.4,0.606,0.575,0.9,1.2,0.76,1.9,3.9,5.8,1.2,0.3,0.7,1,2,9.3,,smithja04
201,Tre Mann,24,CHO,PG,18,1,20.6,3.5,9.7,0.362,1.5,4.9,0.303,2,4.7,0.424,0.44,0.7,0.7,0.923,0.7,2.1,2.8,2.7,0.6,0.1,1.9,2.1,9.2,,manntr01
202,Cam Whitmore,21,WAS,SF,21,0,16.9,3.7,8,0.456,0.8,2.7,0.286,2.9,5.4,0.54,0.503,1.1,1.5,0.742,0.9,1.9,2.8,0.7,0.7,0.4,0.9,1.2,9.2,,whitmca01
203,T.J. McConnell,33,IND,PG,17,0,16.6,4.4,8.3,0.525,0.4,1.1,0.333,4,7.2,0.553,0.546,0.1,0.1,1,0.3,2.4,2.6,4.4,1.1,0.2,1,1.2,9.1,,mccontj01
204,Svi Mykhailiuk,28,UTA,SF,25,25,25.6,3.4,7,0.483,1.9,4.8,0.388,1.5,2.1,0.698,0.618,0.4,0.4,0.9,0.6,1.9,2.6,2,0.5,0.1,0.9,1.4,9,,mykhasv01
205,Ziaire Williams,24,BRK,SF,23,2,22.8,3,7.3,0.402,1.6,5.3,0.303,1.3,2,0.66,0.512,1.5,1.8,0.829,0.7,2,2.7,0.7,0.8,0.5,1,2,9,,willizi02
206,Ryan Kalkbrenner,24,CHO,C,25,24,25.6,3.8,4.8,0.79,0,0.1,0,3.8,4.7,0.803,0.79,1.4,1.9,0.723,2.6,3.8,6.4,0.6,0.7,1.8,1.2,1.9,8.9,,kalkbry01
207,Corey Kispert,26,WAS,SF,17,2,19.9,3.1,6.1,0.505,1.6,3.9,0.403,1.5,2.1,0.694,0.636,1.2,1.7,0.724,0.4,2.1,2.5,1.7,0.5,0.2,0.6,1.1,8.9,,kispeco01
208,Trendon Watford,25,PHI,PF,14,4,20.4,3.4,6.3,0.534,0.5,1.3,0.389,2.9,5,0.571,0.574,1.7,2.1,0.8,1.1,3.6,4.7,3.6,0.4,0.2,1.5,2.7,8.9,,watfotr01
209,Brice Sensabaugh,22,UTA,SF,25,1,16,3,7.1,0.424,1.6,4.4,0.355,1.4,2.7,0.537,0.534,1.2,1.4,0.857,0.6,1.9,2.5,1.2,0.6,0.2,0.8,1.8,8.8,,sensabr01
210,Danny Wolf,21,BRK,PF,12,0,17.6,3,7.1,0.424,1.3,3.4,0.39,1.7,3.7,0.455,0.518,1.4,1.7,0.85,0.9,3.3,4.3,1.8,0.4,0.3,1.5,1,8.8,,wolfda01
211,Egor Dёmin,19,BRK,PG,24,17,23.1,3.1,8.2,0.378,1.9,5.5,0.344,1.2,2.7,0.446,0.492,0.7,0.8,0.842,0.5,2.6,3.1,3.4,0.9,0.3,1.7,2,8.7,,demineg01
212,Pelle Larsson,24,MIA,SG,24,16,21.9,3,6.7,0.444,1,3.1,0.338,1.9,3.6,0.535,0.522,1.8,2.3,0.778,0.5,2,2.5,3.2,0.5,0.2,1,1.9,8.7,,larsspe01
213,Jusuf Nurkić,31,UTA,C,24,19,24.5,3.5,7.5,0.469,0.3,1.5,0.229,3.2,6,0.528,0.492,1.3,2.8,0.485,2.5,7,9.5,4,1.5,0.4,2.6,3,8.7,,nurkiju01
214,Jose Alvarado,27,NOP,PG,27,0,22.6,3.1,7.2,0.436,1.7,4.6,0.374,1.4,2.7,0.542,0.554,0.6,0.8,0.81,0.4,2.4,2.9,3.3,1,0.1,1.3,2,8.6,,alvarjo01
215,Jordan Goodwin,27,PHO,PG,24,2,20.8,3.4,8.1,0.421,1.3,3.8,0.352,2.1,4.3,0.481,0.503,0.5,0.7,0.688,1.8,2.4,4.2,2,1.5,0.2,1.2,1.6,8.6,,goodwjo01
216,Aaron Holiday,29,HOU,PG,19,0,16.4,2.7,6,0.456,1.8,4.1,0.449,0.9,1.9,0.472,0.61,1.3,1.5,0.862,0.1,0.8,0.9,1.1,0.4,0.2,0.8,1.4,8.6,,holidaa01
217,Terance Mann,29,BRK,SG,24,24,26.3,3.1,6.9,0.455,1,2.8,0.353,2.1,4,0.526,0.527,1.3,1.6,0.842,1.5,2,3.5,3.6,0.8,0.2,1,2.7,8.6,,mannte01
218,Isaac Okoro,25,CHI,SG,18,18,25.2,3.3,7,0.476,1.1,3.2,0.333,2.3,3.8,0.594,0.552,0.9,1.2,0.762,1.2,1.4,2.7,1.5,0.4,0.6,0.8,3,8.6,,okorois01
219,Daniel Gafford,27,DAL,C,17,13,21.9,3.2,5.2,0.614,0,0,,3.2,5.2,0.614,0.614,2.2,2.8,0.787,2.2,3.9,6.1,1.3,0.9,1.5,1.6,2.8,8.5,,gaffoda01
220,Jake LaRavia,24,LAL,PF,26,7,24.5,3.1,6.8,0.455,1,3,0.321,2.2,3.8,0.56,0.525,1.3,1.9,0.714,1.2,2.7,3.9,1.8,1.2,0.3,1,2.3,8.5,,laravja01
221,Ryan Nembhard,22,DAL,PG,15,9,20.2,3.6,6.7,0.535,1.1,2.5,0.459,2.5,4.3,0.578,0.619,0.1,0.2,0.667,0.3,1.5,1.7,5.3,0.3,0,1.5,1.6,8.5,,nembhry01
222,Tolu Smith,25,DET,PF,2,0,11,3,4,0.75,0,0,,3,4,0.75,0.75,2.5,3.5,0.714,2,3.5,5.5,1,0.5,0.5,0.5,1,8.5,,smithto05
223,Jonas Valančiūnas,33,DEN,C,26,0,12.8,3.5,5.8,0.599,0.1,0.4,0.273,3.4,5.4,0.624,0.609,1.4,1.9,0.735,1.3,3.3,4.6,1.2,0.2,0.6,1.1,2.1,8.5,,valanjo01
224,Bilal Coulibaly,21,WAS,SG,13,13,26.8,2.7,7.5,0.357,0.8,3.5,0.244,1.8,4.1,0.453,0.413,2.2,2.8,0.757,0.5,3.5,4,2.9,1.2,0.9,1.9,2.6,8.4,,coulibi01
225,Kris Dunn,31,LAC,PG,27,21,26.5,3.2,6.4,0.494,1.1,2.9,0.377,2.1,3.6,0.588,0.578,0.9,1.1,0.742,0.8,2,2.7,3,1.6,0.2,1.4,2.4,8.3,,dunnkr01
226,Ron Holland,20,DET,SF,27,5,20.9,3,7.4,0.412,0.7,2.7,0.264,2.3,4.7,0.496,0.46,1.6,1.9,0.808,0.9,2.7,3.6,1.5,1.5,0.2,1.3,2.3,8.3,,hollaro01
227,Cason Wallace,22,OKC,SG,26,25,27.8,3.2,7.3,0.432,1.5,4.2,0.361,1.7,3.2,0.524,0.534,0.5,0.6,0.8,0.7,2.3,3,2.5,2.4,0.2,1,2.3,8.3,,wallaca01
228,Dominick Barlow,22,PHI,PF,16,13,26.9,3.1,6.2,0.505,0.4,1.7,0.259,2.7,4.5,0.597,0.54,1.5,1.8,0.828,2.1,3.8,5.8,1.9,0.8,1.1,1.1,2.3,8.2,,barlodo01
229,Bradley Beal,32,LAC,SG,6,6,20.2,3,8,0.375,1.2,3.2,0.368,1.8,4.8,0.379,0.448,1,1.3,0.75,0.3,0.5,0.8,1.7,0.5,0,1.5,2.3,8.2,,bealbr01
230,Bub Carrington,20,WAS,PG,25,9,27,2.9,7.7,0.375,1.7,4.2,0.413,1.2,3.5,0.33,0.487,0.8,1.1,0.704,0.4,3.2,3.6,4.4,0.5,0.1,2.2,2.3,8.2,,carrica01
231,Moussa Diabaté,24,CHO,C,26,2,21.8,3.1,4.9,0.63,0,0,,3.1,4.9,0.63,0.63,2,2.9,0.684,3.5,4,7.5,1.2,0.6,1,0.7,2.5,8.2,,diabamo01
232,Draymond Green,35,GSW,PF,22,22,28.3,3,7.7,0.391,1.5,4.7,0.33,1.5,3,0.485,0.491,0.7,1,0.652,0.9,5.3,6.2,5.4,0.9,0.9,3.3,3.6,8.2,,greendr01
233,Tyrese Martin,26,BRK,SG,25,6,20.8,3,7.8,0.39,1.4,4.5,0.321,1.6,3.3,0.482,0.482,0.6,0.9,0.727,1,2.2,3.2,2.4,0.7,0.1,1,1,8.2,,martity01
234,Bryce McGowens,23,NOP,SG,18,5,17.2,2.7,5.1,0.522,0.8,1.6,0.517,1.8,3.5,0.524,0.603,1.9,2.4,0.791,0.2,1.8,2.1,1.4,0.4,0.2,0.3,1.4,8.1,,mcgowbr01
235,Isaiah Collier,21,UTA,PG,18,1,21.7,2.7,5.3,0.5,0.3,1,0.333,2.3,4.3,0.538,0.531,2.3,3.4,0.689,0.2,1.7,1.9,5.9,0.5,0.3,2,1.9,8,,colliis01
236,Jay Huff,27,IND,C,27,11,19.3,2.8,6.6,0.424,1.4,4.6,0.315,1.3,2,0.679,0.534,1,1.3,0.8,1.2,2.7,3.9,1.3,0.3,2.5,0.7,2.2,8,,huffja01
237,Jaden Ivey,23,DET,SG,12,0,14.9,2.8,6.3,0.447,1.1,3.1,0.351,1.8,3.3,0.538,0.533,1.3,1.4,0.882,0.7,1.8,2.4,1.5,0.6,0.2,1.1,1.6,8,,iveyja01
238,Daniss Jenkins,24,DET,PG,22,6,17.1,3,6.8,0.443,0.8,2.4,0.346,2.2,4.4,0.495,0.503,1.2,1.6,0.771,0.7,1.3,2,3.1,0.9,0,1.4,1.4,8,,jenkida01
239,Will Richard,23,GSW,SG,23,12,19.1,2.8,5.3,0.533,1.3,3.2,0.397,1.6,2.1,0.735,0.652,1,1.3,0.774,1,1.7,2.7,1.1,1,0,0.7,2,8,,richawi02
240,Buddy Hield,33,GSW,SG,28,3,18.5,2.9,7,0.413,1.5,4.6,0.32,1.4,2.4,0.588,0.518,0.6,0.6,0.944,0.7,1.8,2.5,1.6,0.8,0.1,1.1,1.4,7.9,,hieldbu01
241,Caleb Love,24,POR,SG,19,0,17.4,2.9,8.7,0.337,1.4,5.2,0.263,1.6,3.5,0.448,0.416,0.6,0.8,0.8,0.6,1.8,2.4,2.1,0.5,0,0.8,1.2,7.9,,loveca01
242,Quinten Post,25,GSW,PF,28,14,18.5,2.9,6.8,0.424,1.6,4.5,0.346,1.3,2.3,0.578,0.539,0.5,0.6,0.778,1,3.2,4.3,1.5,0.6,0.6,0.8,2,7.9,,postqu01
243,Zach Collins,28,CHI,C,5,0,17.4,2.8,5.6,0.5,0.8,2.4,0.333,2,3.2,0.625,0.571,1.4,2,0.7,1.6,3.2,4.8,1.2,0.4,0.4,0.8,1.6,7.8,,colliza01
244,Jordan Miller,26,LAC,SF,6,0,16.2,2.2,5,0.433,1,2.5,0.4,1.2,2.5,0.467,0.533,2.5,3,0.833,1.5,2,3.5,1.5,0.3,0.2,1.5,0.7,7.8,,millejo02
245,Precious Achiuwa,26,SAC,C,20,7,20,3.3,6,0.555,0.2,0.8,0.25,3.1,5.2,0.602,0.571,0.9,1.9,0.459,1.9,3.6,5.5,1,0.7,0.5,0.5,1.7,7.7,,achiupr01
246,Isaiah Jackson,24,IND,C,27,14,19.1,3,5.1,0.594,0,0,,3,5.1,0.594,0.594,1.6,2.1,0.759,2.6,3.6,6.1,0.9,0.8,0.8,1.1,3.1,7.7,,jacksis01
247,Jordan Walsh,21,BOS,PF,22,14,21.3,2.9,4.8,0.604,0.9,1.9,0.488,2,3,0.677,0.698,1,1.1,0.84,1.7,3.3,5,1,1.3,0.5,0.6,3,7.7,,walshjo01
248,Kentavious Caldwell-Pope,32,MEM,SG,27,13,22,2.6,6.8,0.375,1.1,3.4,0.337,1.4,3.4,0.413,0.459,1.4,1.5,0.925,0.4,2,2.4,3.3,0.8,0.2,1.3,1,7.6,,caldwke01
249,De'Anthony Melton,27,GSW,PG,5,0,18.4,2.4,7.4,0.324,0.6,3.6,0.167,1.8,3.8,0.474,0.365,2.2,2.8,0.786,0.2,0.8,1,1.6,1.8,0.4,1.6,2.2,7.6,,meltode01
250,Luguentz Dort,26,OKC,SF,18,18,27.7,2.6,7.3,0.359,1.6,5.2,0.298,1.1,2.1,0.514,0.466,0.7,0.8,0.929,1.1,2.6,3.7,1.2,0.8,0.4,0.6,2.9,7.5,,dortlu01
251,Luke Kornet,30,SAS,C,18,13,25.3,2.8,4.4,0.625,0,0,,2.8,4.4,0.625,0.625,1.9,2.4,0.814,2.8,3.4,6.3,2.2,0.3,1.4,0.6,2,7.5,,kornelu01
252,Pat Spencer,29,GSW,PG,19,3,15.9,2.8,6.3,0.454,0.7,1.8,0.412,2.1,4.5,0.471,0.513,0.9,1.1,0.9,0.7,1.7,2.4,3.2,0.7,0.1,0.9,1.4,7.4,,spencpa01
253,Patrick Williams,24,CHI,PF,25,1,20.8,2.5,6.5,0.387,1.5,3.6,0.411,1,2.9,0.356,0.5,0.8,1.3,0.636,0.8,2.4,3.2,1.2,0.9,0.3,1,1.6,7.4,,willipa01
254,Vince Williams Jr.,25,MEM,PG,22,11,21.9,2.5,7.5,0.337,1.2,4.3,0.277,1.4,3.3,0.417,0.416,1.1,1.4,0.8,0.8,3.4,4.2,4.9,0.8,0.5,2.1,2.1,7.4,,willivi01
255,Andre Drummond,32,PHI,C,24,11,21.4,2.9,5.5,0.53,0.5,1.3,0.367,2.5,4.3,0.578,0.572,1,1.5,0.622,3.4,6,9.4,0.9,0.7,1,0.8,2.1,7.3,,drumman01
256,Jamaree Bouyea,26,PHO,PG,11,0,14.2,2.8,4.6,0.608,1.1,1.9,0.571,1.7,2.7,0.633,0.725,0.5,0.5,0.833,0.3,1.2,1.5,1.6,0.6,0.4,0.3,0.7,7.2,,bouyeja01
257,Ryan Dunn,23,PHO,SF,22,11,22.6,3,6.5,0.458,0.8,2.6,0.293,2.2,3.8,0.571,0.518,0.5,0.8,0.667,1.8,3,4.8,1.9,1.3,0.6,1,2.5,7.2,,dunnry01
258,Nikola Jović,22,MIA,PF,19,1,18.3,2.4,6.2,0.39,0.9,3.2,0.283,1.5,3.1,0.5,0.462,1.5,2.1,0.718,0.6,2.9,3.5,2.6,0.5,0.4,1.8,2.1,7.2,,jovicni01
259,Luke Kennard,29,ATL,SG,25,0,20.2,2.4,5.1,0.472,1.4,3.2,0.43,1,1.9,0.542,0.606,0.9,1,0.92,0.5,1.4,1.9,2.3,0.8,0,1,1.2,7.1,,kennalu01
260,Josh Okogie,27,HOU,SG,24,18,21.5,2.5,5.2,0.472,1.1,2.6,0.413,1.4,2.6,0.532,0.576,1.1,1.5,0.73,1.5,1.5,3,1,1.3,0.2,0.9,1.9,7.1,,okogijo01
261,Seth Curry,35,GSW,SG,2,0,16,3,4.5,0.667,1,2,0.5,2,2.5,0.8,0.778,0,0,,0.5,1.5,2,1.5,1,0,0,1.5,7,,curryse01
262,Josh Minott,23,BOS,PF,25,9,19,2.5,5,0.504,1.2,2.8,0.443,1.3,2.2,0.582,0.628,0.7,1,0.75,1.5,2.9,4.4,1.3,0.8,0.4,0.6,1.8,7,,minotjo01
263,Day'Ron Sharpe,24,BRK,C,25,0,16,2.6,4.3,0.593,0.2,0.8,0.25,2.4,3.5,0.67,0.616,1.6,2.6,0.631,2.1,3.4,5.5,2,0.9,0.5,1.7,2.1,7,,sharpda01
264,Nick Smith Jr.,21,LAL,SG,10,0,13.9,2.6,5.8,0.448,1.4,3.1,0.452,1.2,2.7,0.444,0.569,0.4,0.6,0.667,0.1,0.9,1,1.4,0.7,0.2,1.1,0.6,7,,smithni01
265,Cole Anthony,25,MIL,PG,25,0,16,2.9,6.9,0.424,0.6,2,0.275,2.4,4.8,0.488,0.465,0.5,0.9,0.591,0.4,2.3,2.7,4,0.7,0.3,2,2.3,6.9,,anthoco01
266,Jevon Carter,30,CHI,PG,14,0,14.3,2.2,5.4,0.408,1.7,4.1,0.421,0.5,1.4,0.368,0.566,0.7,0.7,1,0.4,1.1,1.4,1.2,0.8,0,0.6,1.1,6.9,,carteje01
267,Sion James,23,CHO,SG,27,14,26.3,2.2,5.3,0.413,1.3,3.3,0.378,0.9,2,0.472,0.531,1.3,1.5,0.85,0.4,2.8,3.2,1.5,0.7,0.4,0.9,1.7,6.9,,jamessi01
268,Jared McCain,21,PHI,SG,16,0,17.8,2.6,7.3,0.362,1.3,3.9,0.339,1.3,3.4,0.389,0.453,0.3,0.4,0.833,0.1,1.8,1.9,1.8,0.9,0,0.8,1.4,6.9,,mccaija01
269,Tristan Vukcevic,22,WAS,C,22,1,11.7,2.3,4.9,0.467,0.4,1.9,0.214,1.9,3,0.631,0.509,1.9,2.3,0.804,0.5,1.9,2.4,1,0.3,0.5,1.1,1.4,6.8,,vukcetr01
270,Kyle Anderson,32,UTA,SF,9,0,17.9,2.7,5.4,0.49,0.1,0.1,1,2.6,5.3,0.479,0.5,1.2,1.7,0.733,0.8,1.8,2.6,3.1,1.4,0.3,1,2.6,6.7,,anderky01
271,Bruce Brown,29,DEN,SG,26,1,24.2,2.5,6,0.423,0.5,1.7,0.326,2,4.3,0.46,0.468,1.1,1.4,0.806,1,2.8,3.8,2.1,0.9,0.2,1,2.3,6.7,,brownbr01
272,Collin Murray-Boyles,20,TOR,PF,23,4,17.5,2.7,4.7,0.565,0.5,1.1,0.462,2.1,3.6,0.598,0.62,0.9,1.4,0.625,1.6,1.7,3.3,1.3,0.7,0.3,1.1,2.4,6.7,,murraco01
273,Javonte Green,32,DET,SG,27,3,18.4,2.2,5.2,0.429,0.9,2.7,0.333,1.3,2.5,0.529,0.514,1.3,1.6,0.773,0.7,2,2.7,0.9,1.2,0.4,0.7,1.5,6.6,,greenja02
274,Sam Hauser,28,BOS,PF,26,4,21.6,2.3,6.6,0.343,2,5.8,0.34,0.3,0.8,0.364,0.491,0.1,0.2,0.75,0.7,2.7,3.4,1.3,0.6,0.3,0.5,1.2,6.6,,hausesa01
275,Tidjane Salaün,20,CHO,PF,14,0,14.9,2.2,4.1,0.534,1.2,2.5,0.486,1,1.6,0.609,0.681,0.9,1.4,0.684,0.6,3,3.6,0.9,0.5,0.2,0.6,1.5,6.6,,salauti01
276,Ben Sheppard,24,IND,SG,22,11,25,2.4,6.7,0.354,1.1,4,0.273,1.3,2.7,0.475,0.435,0.7,0.9,0.789,0.8,3.3,4.1,2,0.6,0.1,0.7,2,6.5,,sheppbe01
277,Nae'Qwan Tomlin,25,CLE,PF,19,2,16,2.5,5.2,0.485,0.4,1.8,0.2,2.2,3.4,0.641,0.52,1.1,1.6,0.7,1.6,1.6,3.3,0.6,0.8,0.7,0.4,2.3,6.5,,tomlina01
278,Walter Clayton,22,UTA,PG,22,0,16.5,2.2,5.2,0.43,0.8,2.7,0.305,1.4,2.5,0.564,0.509,1.1,1.1,0.96,0.5,1.7,2.2,3.4,0.5,0.2,1.4,2,6.4,,claytwa01
279,Gradey Dick,22,TOR,SG,28,0,15.8,2.1,5.3,0.405,1,2.9,0.329,1.2,2.4,0.5,0.497,1.1,1.4,0.821,0.4,1.5,1.9,0.6,0.6,0.1,0.5,1.2,6.4,,dickgr01
280,Kevin Love,37,UTA,PF,16,0,15.1,2.1,4.9,0.423,1.3,3.6,0.345,0.8,1.3,0.65,0.551,1,1.3,0.762,1.3,3.1,4.4,1.7,0.3,0.3,0.7,1.8,6.4,,loveke01
281,Paul Reed,26,DET,C,20,2,11.4,2.8,4.3,0.647,0.3,0.7,0.462,2.5,3.6,0.681,0.682,0.6,1,0.6,2,2.4,4.4,1.1,0.8,0.7,1,1.5,6.4,,reedpa01
282,Jamal Shead,23,TOR,PG,28,1,20.1,2.1,5.7,0.363,1,3.1,0.33,1,2.6,0.403,0.453,1.3,1.6,0.778,0.4,1.5,1.9,5.6,1.1,0.1,1.2,1.9,6.4,,sheadja01
283,Steven Adams,32,HOU,C,20,5,21.7,2.3,4.5,0.5,0,0,,2.3,4.5,0.5,0.5,1.8,2.5,0.714,4.6,4.1,8.7,1.6,0.8,0.7,1.1,2,6.3,,adamsst01
284,Mac McClung,27,IND,SG,3,0,11.3,2.3,6,0.389,0.7,3.3,0.2,1.7,2.7,0.625,0.444,1,1.3,0.75,0,1.3,1.3,0.3,1.7,0.3,0.7,2,6.3,,mccluma01
285,Kobe Sanders,23,LAC,SG,19,3,19.5,2.1,5,0.421,0.9,2.7,0.353,1.2,2.3,0.5,0.516,1.2,1.3,0.917,0.4,1.6,2,1.4,0.6,0.2,1.6,2.3,6.3,,sandeko01
286,Dru Smith,28,MIA,SG,27,1,17.2,2.2,5.1,0.424,0.7,2.3,0.328,1.4,2.9,0.5,0.496,1.1,1.4,0.784,0.9,1.7,2.6,2.9,1.5,0.3,0.9,1.6,6.2,,smithdr01
287,Goga Bitadze,26,ORL,C,26,0,16.8,2.4,3.4,0.708,0.1,0.3,0.25,2.3,3.1,0.753,0.719,1.2,1.5,0.789,1.8,3.3,5.1,1.4,0.7,1.3,0.6,2.1,6.1,,bitadgo01
288,Luka Garza,27,BOS,C,19,1,13.1,2.1,3.7,0.571,0.6,1.3,0.44,1.5,2.4,0.644,0.65,1.3,1.6,0.774,2,1.5,3.5,0.8,0.3,0.4,0.4,2.6,6.1,,garzalu01
289,Taurean Prince,31,MIL,SF,8,0,21.1,2.1,4.8,0.447,1.5,3.5,0.429,0.6,1.3,0.5,0.605,0.4,0.4,1,0,1.6,1.6,1,0.8,0.3,0.6,2.5,6.1,,princta02
290,Brandon Clarke,29,MEM,PF,1,1,17,2,7,0.286,0,0,,2,7,0.286,0.286,2,4,0.5,3,0,3,1,1,0,0,5,6,,clarkbr01
291,Jaxson Hayes,25,LAL,C,23,3,17.1,2.4,3.2,0.767,0,0,1,2.4,3.1,0.764,0.774,1,1.7,0.632,1.3,2.8,4.1,1,0.3,0.7,0.5,1.8,6,,hayesja02
292,Dalton Knecht,24,LAL,SF,21,1,14.6,2.3,4.9,0.466,1,2.8,0.356,1.3,2.1,0.614,0.568,0.5,0.7,0.667,0.4,1.3,1.8,0.6,0.3,0.3,0.4,1.2,6,,knechda01
293,A.J. Lawson,25,TOR,SG,2,0,8,2,5,0.4,1,2,0.5,1,3,0.333,0.5,1,1,1,0.5,2,2.5,0,0,1,0,2.5,6,,lawsoaj01
294,Drake Powell,20,BRK,SG,19,0,17.7,2.1,4.3,0.488,0.7,1.9,0.378,1.4,2.4,0.578,0.573,1.1,1.1,0.952,0.2,1.6,1.8,1.9,0.7,0.2,1.2,1.7,6,,poweldr01
295,KJ Simpson,23,CHO,PG,14,2,15.9,2.2,6.4,0.348,0.9,2.8,0.308,1.4,3.6,0.38,0.416,0.7,1.1,0.625,0.4,1.7,2.1,2.5,1.1,0,1.7,1,6,,simpskj01
296,Blake Wesley,22,POR,SG,6,0,16.3,2.3,5.7,0.412,0.3,1.7,0.2,2,4,0.5,0.441,1,1.7,0.6,0.3,2,2.3,3.2,1.7,0.2,1.2,2.3,6,,weslebl01
297,Kenrich Williams,31,OKC,PF,7,0,16,2.3,4.6,0.5,1,2.1,0.467,1.3,2.4,0.529,0.609,0.4,0.9,0.5,0.4,2.4,2.9,2,0,0,0.9,1.3,6,,willike04
298,Jaden Hardy,23,DAL,SG,21,0,10.5,1.9,4.7,0.398,1.2,2.9,0.41,0.7,1.8,0.378,0.526,0.9,1,0.818,0.2,1,1.2,0.5,0.2,0.1,0.8,1.2,5.8,,hardyja02
299,Jett Howard,22,ORL,SF,18,0,11.4,2.1,4.6,0.451,1.2,3.1,0.382,0.9,1.5,0.593,0.579,0.5,0.5,1,0.3,1.2,1.4,0.8,0.2,0.2,0.1,1,5.8,,howarje01
300,Brook Lopez,37,LAC,C,20,0,14.2,2.1,5.2,0.394,1.3,3.5,0.362,0.8,1.8,0.457,0.514,0.5,0.7,0.692,0.3,1.6,1.9,0.6,0.3,0.9,0.8,1.7,5.8,,lopezbr01
301,Jeremy Sochan,22,SAS,PF,18,0,16.2,2.4,4.8,0.5,0.4,1.4,0.28,2,3.4,0.59,0.541,0.6,0.9,0.688,1.3,2.2,3.5,1.4,0.6,0.2,0.8,2.3,5.8,,sochaje01
302,Alex Caruso,31,OKC,SG,18,0,18.6,2.1,5.1,0.418,1.1,3,0.352,1.1,2.1,0.514,0.522,0.4,0.6,0.8,0.6,2,2.6,2.5,1.9,0.3,0.9,1.3,5.7,,carusal01
303,Robert Williams,28,POR,C,17,1,15.6,2.6,3.9,0.672,0.1,0.5,0.111,2.6,3.4,0.759,0.679,0.4,0.6,0.545,2.1,3.7,5.8,0.9,0.6,1.5,0.6,1.2,5.7,,williro04
304,Justin Edwards,22,PHI,SF,22,5,16.9,2,5.4,0.373,1.1,3.5,0.329,0.9,1.9,0.452,0.479,0.5,0.5,0.909,0.6,1.2,1.9,1.5,0.6,0.3,0.8,1.8,5.6,,edwarju01
305,Mouhamed Gueye,23,ATL,PF,28,3,16.7,2.3,4.7,0.492,0.5,2,0.273,1.8,2.8,0.649,0.549,0.5,0.8,0.565,1.1,2.4,3.5,0.9,0.6,0.6,0.7,1.8,5.6,,gueyemo02
306,Al Horford,39,GSW,C,13,1,21.5,1.9,6,0.321,1.3,4.4,0.298,0.6,1.6,0.381,0.429,0.5,0.5,1,0.8,3.5,4.4,2,1,1,1.2,1.5,5.6,,horfoal01
307,Kris Murray,25,POR,SF,25,3,24.7,2.2,5,0.444,0.5,2.1,0.25,1.7,2.9,0.583,0.496,0.6,0.9,0.696,1.9,2,4,1.1,1.1,0.4,0.9,2.1,5.6,,murrakr01
308,Sidy Cissoko,21,POR,SF,22,10,20,2,4.8,0.415,1,2.8,0.339,1,2,0.523,0.514,0.6,0.9,0.684,0.8,1.4,2.2,1.4,0.5,0.2,1,2.5,5.5,,cissosi01
309,Keon Ellis,26,SAC,SG,25,2,17.6,1.9,4.8,0.395,1.2,3.5,0.356,0.6,1.3,0.5,0.525,0.5,0.9,0.591,0.3,1.1,1.4,0.8,1.4,0.4,0.5,1.8,5.5,,elliske01
310,Jaylin Williams,23,OKC,PF,25,3,18.3,1.8,5,0.355,1.2,4.1,0.294,0.6,0.9,0.636,0.476,0.8,1.2,0.655,0.5,4.2,4.7,2.4,0.7,0.5,1,1.8,5.5,,willija07
311,Lonzo Ball,28,CLE,PG,21,3,23.7,1.8,6.3,0.288,1.3,5.1,0.25,0.5,1.1,0.458,0.39,0.5,0.8,0.688,1,3.6,4.7,4.6,1.4,0.3,1.8,1.5,5.4,,balllo01
312,Taylor Hendricks,22,UTA,PF,15,3,15.3,1.9,4.2,0.444,0.8,2.1,0.387,1.1,2.1,0.5,0.54,0.9,1.2,0.722,1.3,2.3,3.6,0.6,0.4,0.3,0.5,0.9,5.4,,hendrta01
313,Bones Hyland,25,MIN,PG,18,3,11.7,1.9,3.9,0.493,0.9,2.5,0.356,1.1,1.4,0.731,0.606,0.7,0.8,0.857,0.2,1,1.2,1.8,0.4,0.1,0.9,1.5,5.4,,hylanbo01
314,Ben Saraf,19,BRK,SG,12,5,16.9,1.8,5.2,0.355,0.8,2.8,0.273,1.1,2.4,0.448,0.427,1,1.3,0.8,0.4,1.2,1.6,2.8,0.7,0.3,1.9,1.3,5.4,,sarafbe01
315,Dean Wade,29,CLE,PF,26,5,22.5,1.8,4.8,0.379,1,3.5,0.297,0.8,1.3,0.606,0.488,0.7,1,0.704,1,3,3.9,1.6,0.8,0.5,0.3,2,5.4,,wadede01
316,Mike Conley,38,MIN,PG,24,5,19.1,1.5,4.3,0.363,1.1,3,0.366,0.5,1.3,0.355,0.49,1.1,1.2,0.931,0.4,1.5,1.8,3.2,0.6,0.1,0.7,1.8,5.3,,conlemi01
317,Drew Eubanks,28,SAC,C,25,11,14.4,2.2,3.6,0.615,0,0.1,0.5,2.2,3.6,0.618,0.621,0.8,1.5,0.526,0.8,2,2.8,0.3,0.5,0.7,0.9,1.4,5.3,,eubandr01
318,Garrison Mathews,29,IND,SG,12,1,14.4,1.4,3.8,0.37,1.1,3.4,0.317,0.3,0.4,0.8,0.511,1.3,1.6,0.842,0.2,1,1.2,0.8,0.3,0.2,0.3,1.4,5.3,,mathega01
319,Yves Missi,21,NOP,C,21,6,18.2,2.3,4.2,0.557,0,0,,2.3,4.2,0.557,0.557,0.7,1.3,0.5,3.2,2.3,5.5,1.1,0.2,1.1,1,2,5.3,,missiyv01
320,Ja'Kobe Walter,21,TOR,SG,25,7,16.6,1.8,4.4,0.409,1.1,2.8,0.38,0.7,1.6,0.462,0.532,0.5,0.7,0.722,0.7,1.2,2,0.8,1,0.1,0.6,2,5.2,,walteja01
321,Jalen Wilson,25,BRK,PF,20,0,14,1.7,4.4,0.379,1.1,2.9,0.362,0.6,1.5,0.414,0.5,0.8,1.1,0.762,0.1,1,1.1,0.6,0.3,0,0.5,1.3,5.2,,wilsoja03
322,Jordan Hawkins,23,NOP,SG,22,0,14.4,1.9,5.5,0.342,1,3.1,0.333,0.8,2.3,0.353,0.438,0.4,0.5,0.667,0.4,1.3,1.6,0.9,0.1,0.1,0.5,0.6,5.1,,hawkijo01
323,Asa Newell,20,ATL,PF,18,0,9.3,1.9,3.3,0.576,0.8,1.5,0.519,1.1,1.8,0.625,0.695,0.5,0.7,0.75,0.9,0.8,1.7,0.6,0.3,0.2,0.4,1.2,5.1,,newelas01
324,Tyrese Proctor,21,CLE,PG,20,0,11.8,1.6,4.8,0.337,1,3.2,0.302,0.7,1.6,0.406,0.437,0.9,1.1,0.857,0.2,1.2,1.3,1.4,0.3,0,0.4,1.3,5.1,,proctty01
325,Justin Champagnie,24,WAS,SF,23,7,14.3,1.7,4,0.44,0.3,1.4,0.242,1.4,2.5,0.552,0.484,1.1,1.3,0.839,1.7,2.9,4.6,0.8,0.7,0.4,0.3,1.2,5,,champju01
326,Craig Porter Jr.,25,CLE,PG,25,0,16.4,2.1,3.9,0.531,0.6,1.3,0.424,1.5,2.6,0.585,0.602,0.3,0.6,0.533,1.4,1.6,3.1,2.4,1,0.6,0.8,1.2,5,,portecr01
327,Matisse Thybulle,28,POR,SG,4,0,12.3,1.5,2.5,0.6,1,1.5,0.667,0.5,1,0.5,0.8,1,1,1,0,1,1,0.8,2.5,0,0.3,1.8,5,,thybuma01
328,Branden Carlson,26,OKC,C,18,0,10.3,2.1,3.6,0.569,0.7,1.7,0.4,1.4,1.9,0.714,0.662,0.2,0.4,0.429,0.5,1.8,2.3,0.6,0.1,0.6,0.3,0.9,4.9,,carlsbr01
329,Spencer Jones,24,DEN,SF,22,11,17.5,1.9,3.3,0.569,0.7,1.7,0.421,1.1,1.5,0.735,0.681,0.5,0.7,0.625,1.1,1,2.1,0.7,0.7,0.3,0.5,2.6,4.9,,jonessp01
330,Liam McNeeley,20,CHO,SF,18,0,14.1,1.4,3.7,0.394,1,2.4,0.409,0.4,1.2,0.364,0.53,1.1,1.3,0.826,0.4,2,2.4,0.9,0.2,0.1,0.6,1.6,4.9,,mcneeli01
331,Micah Peavy,24,NOP,SG,22,1,16.1,2,5.1,0.402,0.3,1.6,0.2,1.7,3.5,0.494,0.433,0.5,0.6,0.714,1,1.4,2.5,1.1,0.6,0.1,0.4,1.7,4.9,,peavymi01
332,Terrence Shannon Jr.,25,MIN,SG,18,0,13.8,1.6,3.9,0.4,0.7,1.7,0.4,0.9,2.2,0.4,0.486,1.1,1.4,0.76,0.3,1.2,1.6,0.8,0.3,0.1,0.8,1.6,4.8,,shannte01
333,Trey Alexander,22,NOP,SG,3,0,12.3,2,3,0.667,0.7,1,0.667,1.3,2,0.667,0.778,0,0,,0,1.3,1.3,1.3,0.3,0.3,0.3,1.3,4.7,,alexatr01
334,Tony Bradley,28,IND,C,23,3,11.3,1.8,3.2,0.568,0,0,0,1.8,3.2,0.575,0.568,1,1.3,0.742,1.7,1,2.7,0.6,0.1,0.2,0.4,2,4.7,,bradlto01
335,Oso Ighodaro,23,PHO,PF,27,5,17.9,2.2,3.8,0.573,0,0,0,2.2,3.8,0.578,0.573,0.4,1,0.385,0.9,3.1,4,1.7,0.9,0.6,1.3,2.4,4.7,,ighodos01
336,Ethan Thompson,26,IND,SG,7,3,18.9,1.6,3.7,0.423,1,2.7,0.368,0.6,1,0.571,0.558,0.6,0.7,0.8,0.6,0.7,1.3,1.3,0.4,0.3,0,2.1,4.7,,thompet01
337,Gabe Vincent,29,LAL,PG,14,6,21.5,1.5,4.3,0.35,1.2,3.4,0.362,0.3,0.9,0.308,0.492,0.5,0.5,1,0.3,0.6,0.9,1.4,0.5,0.1,0.4,2.5,4.7,,vincega01
338,RayJ Dennis,24,2TM,PG,14,0,12.3,1.6,5.1,0.306,0.9,2.7,0.316,0.7,2.4,0.294,0.389,0.6,0.6,0.889,0.6,1.1,1.6,1.9,0.2,0.3,1.1,1.1,4.6,,dennira01
338,RayJ Dennis,24,IND,PG,13,0,12.9,1.7,5.5,0.306,0.9,2.9,0.316,0.8,2.6,0.294,0.389,0.6,0.7,0.889,0.6,1,1.6,2,0.2,0.3,1.1,1.2,4.9,,dennira01
338,RayJ Dennis,24,LAC,PG,1,0,4,0,0,,0,0,,0,0,,,0,0,,0,2,2,0,0,0,1,0,0,,dennira01
339,Karlo Matković,24,NOP,PF,18,0,11,2.1,3,0.685,0.3,0.7,0.462,1.7,2.3,0.756,0.741,0.2,0.4,0.375,0.6,2.1,2.7,0.8,0.1,0.7,0.4,1.3,4.6,,matkoka01
340,Jeremiah Robinson-Earl,25,IND,PF,17,3,17.6,1.7,4.9,0.349,0.5,1.9,0.242,1.2,2.9,0.42,0.398,0.8,0.8,0.929,1.9,3.3,5.2,0.7,0.4,0.1,0.6,1.4,4.6,,robinje02
341,Jarred Vanderbilt,26,LAL,PF,17,2,17.6,1.6,3.7,0.429,0.4,1.1,0.316,1.2,2.6,0.477,0.476,1.1,1.2,0.857,1.8,3.9,5.6,1.4,0.9,0.4,1.4,1.8,4.6,,vandeja01
342,Jabari Walker,23,PHI,PF,24,5,13.8,1.6,3.5,0.452,0.5,1.5,0.343,1.1,2,0.531,0.524,1,1.3,0.742,1.3,2.2,3.5,0.6,0.2,0.3,0.5,1.8,4.6,,walkeja01
343,Nicolas Batum,37,LAC,PF,26,2,19.7,1.5,3.8,0.38,1.4,3.7,0.379,0.1,0.2,0.4,0.56,0.2,0.3,0.857,0.5,2.2,2.7,0.8,0.9,0.5,0.7,2,4.5,,batumni01
344,DeAndre Jordan,37,NOP,C,2,1,11.5,2,2.5,0.8,0,0,,2,2.5,0.8,0.8,0.5,1,0.5,2,3,5,0,0,0,0.5,0.5,4.5,,jordade01
345,Kelly Olynyk,34,SAS,C,14,0,11.1,1.4,2.9,0.5,0.5,1.5,0.333,0.9,1.4,0.684,0.588,1.1,1.5,0.762,0.8,1.7,2.5,1.7,0.4,0,0.8,1.6,4.5,,olynyke01
346,Cam Christie,20,LAC,SG,17,0,11.1,1.3,3.6,0.355,0.5,1.7,0.31,0.8,1.9,0.394,0.427,1.2,1.8,0.7,0.5,1.6,2.1,0.6,0.4,0.1,0.4,0.6,4.4,,chrisca02
347,Jaylen Clark,24,MIN,SG,25,0,14.7,1.6,3.7,0.419,0.6,1.9,0.319,1,1.8,0.522,0.5,0.7,1.2,0.6,1,1.1,2.1,0.5,0.8,0.1,0.4,1.7,4.4,,clarkja02
348,Ousmane Dieng,22,OKC,C,17,0,12.5,1.6,3.6,0.443,0.8,1.9,0.438,0.8,1.7,0.448,0.557,0.4,0.4,1,0.4,1.4,1.8,0.9,0.1,0.3,0.4,1.1,4.4,,diengou01
349,Will Riley,19,WAS,SF,19,0,11.8,1.6,3.5,0.463,0.3,1.1,0.238,1.4,2.4,0.565,0.5,0.9,1.2,0.773,0.7,1,1.7,1.1,0.4,0.1,0.7,0.7,4.4,,rileywi01
350,Nique Clifford,23,SAC,SG,23,3,16.7,1.6,4.2,0.385,0.5,1.8,0.268,1.1,2.4,0.473,0.443,0.6,0.9,0.7,0.6,2,2.5,1.3,0.4,0.3,0.9,2.1,4.3,,cliffni01
351,Pat Connaughton,33,CHO,SG,12,0,9.7,1.5,3.1,0.486,0.8,2,0.375,0.8,1.1,0.692,0.608,0.5,0.8,0.667,0.3,1.6,1.9,0.6,0.4,0.1,0.3,0.4,4.3,,connapa01
352,Josh Green,25,CHO,SG,3,0,14.3,1.7,3.3,0.5,1,2.7,0.375,0.7,0.7,1,0.65,0,0,,0.7,1,1.7,0.7,0.7,0,0,1.7,4.3,,greenjo02
353,Trayce Jackson-Davis,25,GSW,C,18,1,12.7,1.7,2.9,0.566,0,0,,1.7,2.9,0.566,0.566,1,1.6,0.643,1.5,2,3.5,1.3,0.3,0.7,0.5,1.3,4.3,,jackstr02
354,Dereck Lively II,21,DAL,C,7,4,16.4,1.6,2.6,0.611,0,0,,1.6,2.6,0.611,0.611,1.1,1.4,0.8,2,3.3,5.3,1.9,0.6,1.6,1.4,3,4.3,,livelde01
355,Javon Small,23,MEM,PG,8,0,12.4,1.3,3.5,0.357,0.8,2.4,0.316,0.5,1.1,0.444,0.464,1,1.3,0.8,0.1,0.9,1,2.8,0,0.1,1,0.9,4.3,,smallja01
356,Eric Gordon,37,PHI,SG,5,0,11.4,1.6,2.6,0.615,1,1.6,0.625,0.6,1,0.6,0.808,0,0,,0.2,0.2,0.4,0.6,0.6,0,0.6,0.4,4.2,,gordoer01
357,Tyler Kolek,24,NYK,PG,22,0,10.9,1.7,3.5,0.494,0.5,1.6,0.314,1.2,1.9,0.643,0.565,0.2,0.4,0.625,0.3,0.9,1.2,2.4,0.5,0.1,0.7,1,4.2,,kolekty01
358,Keaton Wallace,26,ATL,PG,25,2,14,1.5,3.8,0.396,1,2.4,0.41,0.5,1.4,0.371,0.526,0.2,0.4,0.5,0,1.4,1.5,2.6,0.6,0.2,0.7,1.3,4.2,,wallake01
359,Jase Richardson,20,ORL,SG,16,0,7.5,1.5,2.9,0.511,0.6,1.3,0.45,0.9,1.7,0.556,0.606,0.5,0.7,0.727,0.3,0.6,0.9,1.1,0.3,0,0.4,0.6,4.1,,richaja02
360,Olivier-Maxence Prosper,23,MEM,PF,15,0,9.3,1.2,2.8,0.429,0.1,0.7,0.091,1.1,2.1,0.548,0.44,1.5,1.7,0.92,0.8,1.5,2.3,0.5,0.1,0.1,0.5,0.7,4,,prospol01
361,James Wiseman,24,IND,C,1,1,20,2,3,0.667,0,0,,2,3,0.667,0.667,0,0,,4,0,4,0,0,1,3,2,4,,wisemja01
362,Ochai Agbaji,25,TOR,SG,20,4,15.3,1.6,3.8,0.408,0.3,1.3,0.192,1.3,2.5,0.52,0.441,0.5,0.7,0.769,0.5,1.7,2.2,0.8,0.5,0.3,0.3,2,3.9,,agbajoc01
363,Kobe Brown,26,LAC,PF,18,0,12.3,1.3,3.4,0.377,0.6,2.3,0.244,0.7,1.1,0.65,0.459,0.8,0.9,0.875,0.6,1.6,2.2,1,0.4,0.1,0.6,0.6,3.9,,brownko01
364,Rob Dillingham,21,MIN,PG,24,0,10.5,1.6,4.4,0.362,0.3,1,0.304,1.3,3.4,0.378,0.395,0.4,0.6,0.714,0.2,0.9,1.1,1.9,0.7,0.1,1,1.1,3.9,,dilliro01
365,Keshad Johnson,24,MIA,SF,10,0,11.9,1.3,3.8,0.342,0.4,1.6,0.25,0.9,2.2,0.409,0.395,0.9,1.3,0.692,1.1,1.9,3,0.1,0.5,0.4,0.3,1,3.9,,johnske10
366,Thomas Bryant,28,CLE,C,21,0,8.6,1.3,3,0.444,0.3,1.4,0.233,1,1.6,0.636,0.5,0.8,1,0.8,0.6,2,2.5,0.2,0.2,0.3,0.4,1.1,3.8,,bryanth01
367,Jamison Battle,24,TOR,SF,18,1,7.9,1.4,2.2,0.641,0.7,1.3,0.542,0.7,0.8,0.8,0.808,0.2,0.3,0.8,0.2,1.2,1.4,0.3,0.1,0.1,0.4,0.7,3.7,,battlja01
368,Clint Capela,31,HOU,C,23,1,11.2,1.6,2.8,0.563,0,0,,1.6,2.8,0.563,0.563,0.5,0.8,0.632,2.5,2,4.6,0.4,0.4,0.7,0.5,1,3.7,,capelca01
369,Gary Payton II,33,GSW,SG,26,1,11.6,1.7,3.5,0.478,0.3,1.1,0.276,1.3,2.3,0.574,0.522,0.1,0.1,1,0.9,2,2.9,1.5,0.6,0.2,0.7,1.4,3.7,,paytoga02
370,Malaki Branham,22,WAS,SG,11,0,8,1,2.5,0.393,0.2,1,0.182,0.8,1.5,0.529,0.429,1.5,1.8,0.8,0.5,1.2,1.6,0.9,0.2,0.1,0.5,0.5,3.6,,branhma01
371,Devin Carter,23,SAC,PG,9,0,9.6,1.1,3.4,0.323,0.6,1.9,0.294,0.6,1.6,0.357,0.403,0.8,0.8,1,0.4,1,1.4,1.4,0.7,0.1,0.9,1,3.6,,cartede02
372,Hugo González,19,BOS,SF,21,1,11.8,1.5,2.9,0.517,0.5,1.1,0.478,1,1.8,0.541,0.608,0.1,0.3,0.429,0.7,1.5,2.2,0.5,0.7,0.1,0.6,1.8,3.6,,gonzahu01
373,Larry Nance Jr.,33,CLE,PF,16,2,15,1.4,4.1,0.354,0.6,2.1,0.303,0.8,2,0.406,0.431,0.1,0.2,0.333,0.8,2,2.8,1.3,0.6,0.3,0.6,2.4,3.6,,nancela02
374,Noah Penda,21,ORL,SF,14,0,8.9,1.3,2.6,0.486,0.5,0.8,0.636,0.8,1.9,0.423,0.581,0.5,0.9,0.538,1.6,1.8,3.4,1,0.1,0.2,0.6,0.9,3.6,,pendano01
375,Duop Reath,29,POR,C,21,0,8.2,1.3,2.5,0.509,0.9,1.8,0.5,0.4,0.7,0.533,0.689,0.1,0.1,0.667,0.2,0.7,0.9,0.3,0.1,0.1,0.3,0.9,3.6,,reathdu01
376,Mitchell Robinson,27,NYK,C,17,10,17.5,1.6,2.4,0.683,0,0,,1.6,2.4,0.683,0.683,0.4,1.6,0.222,4.5,3.7,8.2,1,0.8,1.1,0.8,2.2,3.6,,robinmi01
377,Charles Bassey,25,MEM,C,2,0,15.5,1.5,4,0.375,0,0,,1.5,4,0.375,0.375,0.5,1.5,0.333,3.5,4,7.5,1,0.5,0.5,0.5,2.5,3.5,,bassech01
378,Adem Bona,22,PHI,C,17,3,16.1,1.3,2.4,0.55,0.1,0.2,0.333,1.2,2.2,0.568,0.563,0.8,1.4,0.583,1.5,2.2,3.7,0.2,0.4,1.5,0.7,1.9,3.5,,bonaad01
379,Antonio Reeves,25,CHO,SG,6,0,8.8,1.3,2.7,0.5,0.8,1.7,0.5,0.5,1,0.5,0.656,0,0,,0.2,0.7,0.8,0.3,0.2,0,0,0.5,3.5,,reevean01
380,Julian Strawther,23,DEN,SG,10,0,7.7,1.2,3.1,0.387,0.2,1.6,0.125,1,1.5,0.667,0.419,0.9,1.3,0.692,0,1.4,1.4,0.4,0,0.1,0.3,0.6,3.5,,strawju01
381,Nick Richards,28,PHO,C,24,2,9.4,1.3,2.5,0.517,0,0,,1.3,2.5,0.517,0.517,0.8,1.2,0.679,1.2,2,3.3,0.3,0.1,0.5,1,1.4,3.4,,richani01
382,Jamir Watkins,24,WAS,SG,10,1,12,1.3,2.2,0.591,0.4,1.1,0.364,0.9,1.1,0.818,0.682,0.4,0.4,1,0.5,1.9,2.4,0.4,0.1,0.3,0.4,1.9,3.4,,watkija01
383,Dylan Cardwell,24,SAC,C,4,1,12.3,1.3,2.3,0.556,0,0.3,0,1.3,2,0.625,0.556,0.8,1.5,0.5,1.3,1.8,3,0.3,0.5,1.5,0.8,3.3,3.3,,cardwdy01
384,Chaz Lanier,24,DET,SG,13,0,10.2,1.1,3.2,0.333,0.9,2.8,0.324,0.2,0.4,0.4,0.476,0.2,0.2,1,0.5,0.6,1.1,0.8,0.3,0,0.1,0.2,3.3,,laniech01
385,Gui Santos,23,GSW,PF,21,1,9.2,1.1,2.7,0.421,0.5,1.7,0.314,0.6,1,0.591,0.518,0.5,0.8,0.688,0.8,1.2,2,0.7,0.2,0.1,0.8,1.3,3.3,,santogu01
386,David Jones García,24,SAS,SF,10,0,6.7,1.3,2.5,0.52,0.3,0.5,0.6,1,2,0.5,0.58,0.3,0.6,0.5,0.4,0.8,1.2,1.8,0.6,0.1,0.5,0.6,3.2,,jonesda06
387,Jalen Pickett,26,DEN,SG,12,1,10.1,1.2,2.7,0.438,0.8,1.8,0.429,0.4,0.9,0.455,0.578,0.1,0.1,1,0.3,1.3,1.6,1.8,0.3,0,0.5,0.5,3.2,,pickeja02
388,Dalen Terry,23,CHI,SG,16,0,10.8,1.4,2.7,0.512,0.3,0.9,0.267,1.1,1.8,0.643,0.558,0.2,0.4,0.429,0.6,1.1,1.8,1.3,0.7,0.3,0.7,1.1,3.2,,terryda01
389,Moussa Cisse,23,DAL,C,19,1,10.2,1.2,2,0.605,0,0,,1.2,2,0.605,0.605,0.7,1.6,0.419,1.5,2.1,3.5,0.2,0.3,1.1,0.7,1.6,3.1,,cissemo01
390,Baylor Scheierman,25,BOS,SG,22,0,12,1.1,2.2,0.521,0.8,1.7,0.447,0.4,0.5,0.8,0.698,0,0,1,0.4,1.4,1.8,0.7,0.5,0.1,0.4,1.4,3.1,,scheiba01
391,Mark Sears,23,MIL,PG,7,0,3.7,0.9,1.9,0.462,0.6,1.1,0.5,0.3,0.7,0.4,0.615,0.9,1.1,0.75,0.1,0.1,0.3,0.3,0,0,0.6,0.6,3.1,,searsma01
392,John Konchar,29,MEM,SG,22,0,13,1.2,2.3,0.51,0.4,1.3,0.321,0.8,1,0.739,0.598,0.3,0.4,0.667,0.5,2.1,2.7,1.2,0.9,0.3,0.3,0.9,3,,konchjo01
393,Chris Livingston,22,CLE,SF,3,0,5.7,1.3,2.3,0.571,0,1,0,1.3,1.3,1,0.571,0.3,0.3,1,0,1,1,0.3,0.3,0,0,1.3,3,,livinch01
394,Doug McDermott,34,SAC,SF,2,0,5.5,1,2,0.5,1,2,0.5,0,0,,0.75,0,0,,0,0,0,0,0,0,0.5,1,3,,mcderdo01
395,Emanuel Miller,25,CHI,PF,5,0,6.6,1.2,2.6,0.462,0.4,1.2,0.333,0.8,1.4,0.571,0.538,0.2,0.4,0.5,0.2,0.4,0.6,0.8,0.4,0,0,0.4,3,,milleem01
396,Riley Minix,25,SAS,SF,3,0,2.7,1.3,2,0.667,0.3,1,0.333,1,1,1,0.75,0,0,,0.3,0.3,0.7,0.3,0.3,0,0,0.3,3,,minixri01
397,Monte Morris,30,IND,PG,6,0,10.8,1.2,3.3,0.35,0.3,1.3,0.25,0.8,2,0.417,0.4,0.3,0.7,0.5,0.2,1,1.2,1.5,0.2,0.2,0.3,0.5,3,,morrimo01
398,Jericho Sims,27,MIL,C,22,4,15.4,1.4,1.7,0.811,0,0,,1.4,1.7,0.811,0.811,0.3,0.4,0.667,1.5,2.4,3.9,0.7,0.2,0.2,1,1.6,3,,simsje01
399,Guerschon Yabusele,30,NYK,C,25,0,9.8,1.1,2.8,0.386,0.6,1.9,0.292,0.5,0.9,0.591,0.486,0.2,0.4,0.6,0.7,1.5,2.2,0.4,0.1,0.2,0.4,1.2,3,,yabusgu01
400,Jonathan Isaac,28,ORL,PF,23,0,10.3,1.1,2.4,0.455,0.3,1.1,0.231,0.8,1.3,0.655,0.509,0.5,1,0.5,0.9,2.3,3.2,0.1,0.3,0.5,0.3,0.7,2.9,,isaacjo01
401,Jordan McLaughlin,29,SAS,PG,10,0,7.9,1,2.4,0.417,0.5,1.5,0.333,0.5,0.9,0.556,0.521,0.4,0.5,0.8,0.3,0.4,0.7,1.1,0.7,0,0.3,0.7,2.9,,mclaujo01
402,Chris Paul,40,LAC,PG,16,0,14.3,1.1,3.5,0.321,0.6,1.9,0.333,0.5,1.6,0.308,0.411,0.1,0.1,0.5,0.4,1.4,1.8,3.3,0.7,0,1,1.4,2.9,,paulch01
403,Jae'Sean Tate,30,HOU,SF,14,0,8.3,1.2,2.3,0.531,0.4,0.9,0.417,0.9,1.4,0.6,0.609,0.1,0.1,1,0.6,1,1.6,0.5,0.3,0,0.3,1.4,2.9,,tateja01
404,Cody Williams,21,UTA,SG,14,0,12.9,1.3,3.5,0.367,0.2,1.6,0.136,1.1,1.9,0.556,0.398,0.1,0.3,0.25,0.3,0.6,0.9,0.6,0.2,0.1,0.4,1.6,2.9,,willico04
405,Bobi Klintman,22,DET,SF,6,0,8.8,1.2,3.5,0.333,0.5,1.8,0.273,0.7,1.7,0.4,0.405,0,0.5,0,0.8,1.8,2.7,0.7,0.3,0,0.8,1.5,2.8,,klintbo01
406,Yanic Konan Niederhäuser,22,LAC,C,12,0,5,1.1,1.5,0.722,0,0,,1.1,1.5,0.722,0.722,0.6,1,0.583,0.6,0.8,1.3,0.3,0,0.3,0.3,0.3,2.8,,konanya01
407,Julian Phillips,22,CHI,SF,22,2,10.1,1.1,2.5,0.436,0.4,1.4,0.3,0.7,1.1,0.6,0.518,0.2,0.3,0.833,0.7,0.6,1.4,0.3,0.5,0.2,0.1,1,2.8,,phillju01
408,Dwight Powell,34,DAL,C,22,1,11.6,0.8,1.3,0.621,0,0,,0.8,1.3,0.621,0.621,1.1,1.6,0.694,1,1.5,2.5,0.9,0.5,0.2,0.4,2.1,2.8,,poweldw01
409,Xavier Tillman Sr.,27,BOS,C,11,1,9.4,1.3,2.5,0.5,0.3,1.2,0.231,1,1.4,0.733,0.554,0,0,,0.9,1.3,2.2,0.5,0.5,0.2,0.4,0.8,2.8,,tillmxa01
410,Kevon Looney,29,NOP,C,12,6,12.9,1.2,2.8,0.424,0.1,0.6,0.143,1.1,2.2,0.5,0.439,0.3,0.5,0.5,1.7,2.3,3.9,1.4,0.3,0.4,0.5,2.1,2.7,,looneke01
411,Carter Bryant,20,SAS,PF,19,0,7.9,1,2.8,0.358,0.5,1.5,0.31,0.5,1.3,0.417,0.443,0.2,0.2,0.75,0.3,1.5,1.8,0.1,0.2,0.1,0.4,0.8,2.6,,bryanca01
412,Yang Hansen,20,POR,C,13,1,7.7,0.9,3.1,0.3,0.1,1.2,0.063,0.8,1.8,0.458,0.313,0.7,0.8,0.9,0.5,1.3,1.8,0.8,0,0.4,0.7,1,2.6,,yangha01
413,Pete Nance,25,MIL,PF,7,0,3.9,1,2,0.5,0.6,1.3,0.444,0.4,0.7,0.6,0.643,0,0,,0.1,0.9,1,0.1,0,0,0.1,0,2.6,,nancepe01
414,Caleb Houstan,23,ATL,SF,8,0,5.4,0.8,1.6,0.462,0.6,1.3,0.5,0.1,0.4,0.333,0.654,0.4,0.4,1,0.5,0.1,0.6,0.3,0.1,0.1,0.5,0.6,2.5,,houstca01
415,GG Jackson II,21,MEM,PF,8,0,6.8,0.9,3.5,0.25,0,1.5,0,0.9,2,0.438,0.25,0.8,1.1,0.667,0.4,1.4,1.8,0.3,0.5,0.1,0.3,0.5,2.5,,jacksgg01
416,Tyus Jones,29,ORL,PG,27,2,14.1,0.9,2.7,0.347,0.5,1.7,0.289,0.4,1,0.444,0.438,0.1,0.1,1,0.2,0.6,0.8,2.1,0.6,0.1,0.3,0.5,2.5,,jonesty01
417,Isaiah Livers,27,PHO,PF,13,0,12.2,0.8,2.2,0.345,0.5,1.8,0.292,0.2,0.4,0.6,0.466,0.4,0.5,0.833,0.6,1.5,2.2,0.4,0.5,0.4,0.4,1.1,2.5,,liveris01
418,Rasheer Fleming,21,PHO,PF,13,0,5.9,0.8,2.5,0.344,0.3,1.4,0.222,0.5,1.1,0.5,0.406,0.4,0.4,1,0.5,0.6,1.2,0.2,0.3,0.2,0.2,0.7,2.4,,flemira01
419,Elijah Harkless,25,UTA,SG,7,0,9.4,0.6,1.6,0.364,0.3,1,0.286,0.3,0.6,0.5,0.455,1,1.3,0.778,0.3,0.6,0.9,0.7,0.6,0,0.4,1.4,2.4,,harklej01
420,Gary Harris,31,MIL,SG,19,0,14.4,0.9,2,0.447,0.4,1.1,0.4,0.5,0.9,0.5,0.553,0.2,0.2,1,0.3,1.2,1.5,1.2,0.7,0.2,0.5,1.1,2.4,,harriga01
421,Chris Boucher,33,BOS,PF,8,0,11.4,0.9,2.8,0.318,0.1,1.5,0.083,0.8,1.3,0.6,0.341,0.4,0.5,0.75,0.3,2,2.3,0.4,0.6,0.9,0.1,2,2.3,,bouchch01
422,Orlando Robinson,25,ORL,C,3,1,7.3,1,1.7,0.6,0.3,0.7,0.5,0.7,1,0.667,0.7,0,0,,0.7,0.3,1,0.7,0.3,0,0,1,2.3,,robinor01
423,Marcus Sasser,25,DET,PG,3,0,5.3,1,2,0.5,0.3,1,0.333,0.7,1,0.667,0.583,0,0,,0,0.7,0.7,2,0,0,0,1,2.3,,sassema01
424,Luke Travers,24,CLE,SG,11,0,8.8,0.6,3.1,0.206,0.1,1.5,0.063,0.5,1.6,0.333,0.221,0.8,0.8,1,0.7,1.2,1.9,0.8,0.5,0.4,0.2,0.5,2.2,,travelu01
425,Jeff Green,39,HOU,PF,10,0,4.8,0.8,1.6,0.5,0.5,1.2,0.417,0.3,0.4,0.75,0.656,0,0,,0.1,0.3,0.4,0.1,0,0.1,0,0.4,2.1,,greenje02
426,Maxi Kleber,34,LAL,PF,11,0,12.7,0.6,1.5,0.412,0.3,0.8,0.333,0.4,0.7,0.5,0.5,0.5,0.7,0.75,0.5,1.3,1.8,0.6,0.2,0.4,0.2,1.7,2.1,,klebima01
427,Zeke Nnaji,25,DEN,PF,16,1,8.3,0.8,1.5,0.542,0.2,0.8,0.25,0.6,0.8,0.833,0.604,0.3,0.4,0.714,0.3,1.2,1.4,0.3,0.3,0.2,0.4,1.1,2.1,,nnajize01
428,Joan Beringer,19,MIN,PF,9,0,4.1,0.9,1.2,0.727,0,0,,0.9,1.2,0.727,0.727,0.2,0.3,0.667,0.2,1.1,1.3,0,0.1,0.2,0.2,1,2,,berinjo01
429,Koby Brea,23,PHO,SG,2,0,4,0.5,1.5,0.333,0,1,0,0.5,0.5,1,0.333,1,1,1,0,0.5,0.5,1,0,0,0,0,2,,breako01
430,Hunter Dickinson,25,NOP,C,1,0,5,1,2,0.5,0,0,,1,2,0.5,0.5,0,0,,0,0,0,0,0,1,2,2,2,,dickihu01
431,Trentyn Flowers,20,CHI,SF,2,0,3,1,1.5,0.667,0,0.5,0,1,1,1,0.667,0,0,,0.5,0,0.5,0.5,0,0,0.5,0.5,2,,flowetr01
432,Johnny Furphy,21,IND,SG,9,0,11.2,0.8,2,0.389,0.4,1.1,0.4,0.3,0.9,0.375,0.5,0,0.2,0,0.3,1.6,1.9,0.1,0.4,0,0.6,1.2,2,,furphjo01
433,Ron Harper Jr.,25,BOS,SF,4,0,5,0.8,2.5,0.3,0.5,2,0.25,0.3,0.5,0.5,0.4,0,0,,0.3,0.5,0.8,1,0.3,0.5,0,0.5,2,,harpero02
434,Colby Jones,23,DET,SG,1,0,7,1,3,0.333,0,2,0,1,1,1,0.333,0,0,,0,4,4,2,0,0,0,1,2,,jonesco02
435,E.J. Liddell,25,BRK,PF,7,0,4.6,0.7,1.7,0.417,0.3,1.1,0.25,0.4,0.6,0.75,0.5,0.3,0.4,0.667,0.4,0.9,1.3,0,0,0,0,0.6,2,,liddeej01
436,Wendell Moore Jr.,24,DET,SG,3,0,14.3,1,2,0.5,0,0.3,0,1,1.7,0.6,0.5,0,0,,0.3,1,1.3,1,0.7,0.3,0.3,0.3,2,,moorewe01
437,Daeqwon Plowden,27,SAC,SG,1,0,14,1,5,0.2,0,3,0,1,2,0.5,0.2,0,0,,2,0,2,0,0,0,0,0,2,,plowdda01
438,Jahmir Young,25,MIA,PG,5,0,4.8,0.8,2.2,0.364,0.4,1,0.4,0.4,1.2,0.333,0.455,0,0,,0,0.4,0.4,0.8,0.2,0,0.4,0.6,2,,youngja05
439,PJ Hall,23,MEM,C,7,0,3.9,0.7,1.3,0.556,0.1,0.4,0.333,0.6,0.9,0.667,0.611,0.3,0.4,0.667,0.4,0.9,1.3,0.3,0,0.3,0.1,0.4,1.9,,hallpj01
440,Bronny James,21,LAL,SG,14,1,8.9,0.7,2.2,0.323,0.3,1,0.286,0.4,1.2,0.353,0.387,0.1,0.1,1,0.3,0.4,0.6,1.5,0.6,0.1,0.8,0.9,1.9,,jamesbr02
441,Rayan Rupert,21,POR,SG,20,0,8.1,0.8,2.1,0.357,0.3,1,0.3,0.5,1.1,0.409,0.429,0.1,0.2,0.5,0.3,1.3,1.6,0.4,0.4,0.1,0.5,1,1.9,,ruperra01
442,Lindy Waters III,28,SAS,SG,13,0,6.7,0.7,1.9,0.36,0.5,1.7,0.318,0.2,0.2,0.667,0.5,0,0,,0.2,0.9,1.1,0.4,0.2,0,0.1,0.8,1.9,,waterli01
443,Thanasis Antetokounmpo,33,MIL,SF,10,0,2.5,0.6,0.9,0.667,0,0,,0.6,0.9,0.667,0.667,0.6,0.9,0.667,0.2,0.2,0.4,0,0.3,0.3,0.1,0.7,1.8,,antetth01
444,JD Davison,23,HOU,PG,11,0,6.7,0.7,1.5,0.471,0.4,0.8,0.444,0.4,0.7,0.5,0.588,0,0.2,0,0.1,0.3,0.4,0.9,0.3,0.1,0.1,0.4,1.8,,davisjd01
445,Cody Martin,30,IND,SF,4,0,13.8,0.5,2.5,0.2,0,1.3,0,0.5,1.3,0.4,0.2,0.8,1.5,0.5,0.3,3.3,3.5,0.5,1,0.5,1,1.3,1.8,,martico01
446,Mason Plumlee,35,CHO,C,12,1,8.9,0.6,0.7,0.875,0,0,,0.6,0.7,0.875,0.875,0.6,0.9,0.636,0.6,2.3,2.8,1.3,0.4,0,0.5,0.7,1.8,,plumlma01
447,Chris Youngblood,23,OKC,SG,19,0,5.6,0.5,1.6,0.333,0.4,1.3,0.32,0.1,0.3,0.4,0.467,0.4,0.4,1,0.2,0.8,1,0.3,0.1,0,0.1,0.9,1.8,,youngch01
448,Brooks Barnhizer,23,OKC,SG,17,0,7.8,0.7,1.4,0.522,0.1,0.2,0.25,0.6,1.1,0.579,0.543,0.2,0.4,0.667,0.4,1.6,1.9,0.4,0.2,0.1,0.2,0.6,1.7,,barnhbr01
449,Johni Broome,23,PHI,C,6,0,6.5,0.7,3.3,0.2,0,0.5,0,0.7,2.8,0.235,0.2,0.3,0.7,0.5,1,1.2,2.2,0.7,0.3,0,0.3,0.8,1.7,,broomjo01
450,Anthony Gill,33,WAS,PF,10,0,3.2,0.6,0.7,0.857,0.1,0.1,1,0.5,0.6,0.833,0.929,0.4,0.4,1,0.2,0.5,0.7,0,0,0.1,0.4,0.3,1.7,,gillan01
451,Harrison Ingram,23,SAS,SF,3,0,3.7,0.7,1,0.667,0.3,0.3,1,0.3,0.7,0.5,0.833,0,0,,1,0,1,0,0,0,0,0.7,1.7,,ingraha01
452,Leonard Miller,22,MIN,SF,9,0,4.2,0.7,1.3,0.5,0,0.6,0,0.7,0.8,0.857,0.5,0.3,0.6,0.6,0.1,1.1,1.2,0.4,0.2,0,0.4,0.8,1.7,,millele01
453,Jamal Cain,26,ORL,SF,5,0,6.2,0.6,1.6,0.375,0.2,1,0.2,0.4,0.6,0.667,0.438,0.2,0.4,0.5,0.4,0.4,0.8,0.4,0.2,0.2,0.4,0.8,1.6,,cainja01
454,Taelon Peter,23,IND,SG,15,0,7.1,0.5,1.9,0.241,0.4,1.8,0.222,0.1,0.1,0.5,0.345,0.3,0.3,0.8,0.3,0.8,1.1,0.9,0.1,0.1,0.6,0.4,1.6,,peterta01
455,Jacob Toppin,25,ATL,SF,5,0,3.4,0.8,1.2,0.667,0,0,,0.8,1.2,0.667,0.667,0,0,,0,0.2,0.2,0.2,0,0.2,0,0.2,1.6,,toppija01
456,Amir Coffey,28,MIL,SG,20,0,7.9,0.5,1.2,0.417,0.2,0.6,0.273,0.4,0.7,0.538,0.479,0.4,0.4,1,0.2,0.6,0.8,0.4,0,0.1,0.1,0.3,1.5,,coffeam01
457,Tyson Etienne,26,BRK,PG,8,0,4.3,0.5,1.9,0.267,0.5,1.6,0.308,0,0.3,0,0.4,0,0,,0,0,0,0.1,0,0,0.1,0.6,1.5,,etienty01
458,Myron Gardner,24,MIA,SF,4,0,2.3,0.5,0.5,1,0.5,0.5,1,0,0,,1.5,0,0,,0,0.5,0.5,0.3,0,0,0,1,1.5,,gardnmy01
459,DaRon Holmes,23,DEN,PF,2,0,2,0.5,0.5,1,0.5,0.5,1,0,0,,1.5,0,0,,0,0,0,0,0,0,0,0.5,1.5,,holmeda01
460,Kasparas Jakučionis,19,MIA,PG,2,0,4.5,0.5,1.5,0.333,0.5,0.5,1,0,1,0,0.5,0,0,,0,0,0,0.5,0.5,0,0.5,0,1.5,,jakucka01
461,Kyle Lowry,39,PHI,PG,4,0,8,0.5,1.3,0.4,0.5,1.3,0.4,0,0,,0.6,0,0,,0,0.5,0.5,1.3,0.3,0,0.3,0.8,1.5,,lowryky01
462,Jahmai Mashack,23,MEM,SG,4,0,3.8,0.5,1.8,0.286,0.5,1.3,0.4,0,0.5,0,0.429,0,0,,0,0.8,0.8,0,0,0,0.3,0.3,1.5,,mashaja01
463,Kevin McCullar Jr.,24,NYK,SF,2,0,0.5,0.5,0.5,1,0.5,0.5,1,0,0,,1.5,0,0,,0,0.5,0.5,0,0,0,0,0,1.5,,mcculke01
464,Javonte Cooke,26,POR,SG,5,0,6.2,0.6,2.4,0.25,0.2,1,0.2,0.4,1.4,0.286,0.292,0,0,,0.2,0.4,0.6,1,0.2,0,0.8,0.2,1.4,,cookeja01
465,Nigel Hayes-Davis,31,PHO,SF,18,0,9.1,0.7,2.1,0.316,0.1,0.8,0.071,0.6,1.3,0.458,0.329,0.1,0.1,0.5,0.5,0.8,1.3,0.3,0.4,0.1,0.3,0.7,1.4,,hayesni01
466,Ariel Hukporti,23,NYK,C,17,3,9,0.5,0.9,0.5,0,0,,0.5,0.9,0.5,0.5,0.4,0.7,0.583,1,1.6,2.6,0.6,0.2,0.6,0.5,1.5,1.4,,hukpoar01
467,Khaman Maluach,19,PHO,C,12,0,4.9,0.4,1.1,0.385,0,0.3,0,0.4,0.8,0.556,0.385,0.6,0.7,0.875,0.2,0.8,1,0.2,0,0.3,0.4,0.8,1.4,,maluakh01
468,Isaac Jones,25,2TM,PF,4,1,4.5,0.5,1,0.5,0,0.5,0,0.5,0.5,1,0.5,0.3,0.5,0.5,0.5,0,0.5,0.3,0,0,0,1,1.3,,jonesis01
468,Isaac Jones,25,SAC,PF,3,1,5.7,0.3,0.7,0.5,0,0.3,0,0.3,0.3,1,0.5,0.3,0.7,0.5,0.7,0,0.7,0.3,0,0,0,1.3,1,,jonesis01
468,Isaac Jones,25,DET,PF,1,0,1,1,2,0.5,0,1,0,1,1,1,0.5,0,0,,0,0,0,0,0,0,0,0,2,,jonesis01
469,Andre Jackson Jr.,24,MIL,SG,13,0,7.1,0.5,1.7,0.273,0.2,1,0.154,0.3,0.7,0.444,0.318,0.2,0.3,0.75,0.4,0.5,0.9,1.3,0.4,0.2,0.4,0.9,1.3,,jacksan01
470,Trey Jemison,26,NYK,C,4,0,7.3,0.5,0.5,1,0,0,,0.5,0.5,1,1,0.3,0.3,1,1,1,2,0.3,0,0.3,0.8,1,1.3,,jemistr01
471,Dario Šarić,31,SAC,C,4,0,9.5,0.3,1.5,0.167,0.3,0.8,0.333,0,0.8,0,0.25,0.5,0.5,1,0.3,1.3,1.5,0.5,0,0,0.5,0.8,1.3,,saricda01
472,Caleb Martin,30,DAL,SF,22,0,9.1,0.4,1.7,0.243,0.1,0.6,0.154,0.3,1.1,0.292,0.27,0.3,0.4,0.875,0.5,1,1.5,0.9,0.5,0.1,0.4,1.6,1.2,,martica02
473,Jonathan Mogbo,24,TOR,PF,11,0,4.5,0.5,1.1,0.5,0,0,,0.5,1.1,0.5,0.5,0.1,0.1,1,0.5,0.8,1.4,0.5,0.1,0.3,0.1,0.5,1.2,,mogbojo01
474,Hunter Sallis,22,PHI,SG,6,0,4.2,0.5,0.8,0.6,0,0,,0.5,0.8,0.6,0.6,0.2,0.3,0.5,0,0.2,0.2,0.7,0,0.2,0.8,0.3,1.2,,sallihu01
475,Nolan Traoré,19,BRK,PG,6,0,8.8,0.3,2,0.167,0.3,1.2,0.286,0,0.8,0,0.25,0.2,0.3,0.5,0.2,0.5,0.7,1.3,0.3,0,0.3,1.2,1.2,,traorno01
476,Johnny Juzang,24,MIN,SG,8,0,2.8,0.4,1.1,0.333,0.3,0.9,0.286,0.1,0.3,0.5,0.444,0.1,0.3,0.5,0.1,0.3,0.4,0.1,0,0,0.1,0.4,1.1,,juzanjo01
477,Hunter Tyson,25,DEN,PF,9,0,3.9,0.3,1.4,0.231,0.2,0.8,0.286,0.1,0.7,0.167,0.308,0.2,0.2,1,0.1,1.2,1.3,0.3,0.1,0,0,0.3,1.1,,tysonhu01
478,Curtis Jones,24,DEN,SG,2,0,1.5,0.5,1.5,0.333,0,0.5,0,0.5,1,0.5,0.333,0,0,,0.5,0.5,1,0,0,0,0,0,1,,jonescu01
479,Miles Kelly,23,DAL,PG,2,0,5.5,0.5,1,0.5,0,0.5,0,0.5,0.5,1,0.5,0,0,,0.5,1.5,2,0,0,0,0.5,1,1,,kellymi02
480,Adou Thiero,21,LAL,SF,10,0,5.5,0.3,0.7,0.429,0,0,,0.3,0.7,0.429,0.429,0.4,0.5,0.8,0.4,0.3,0.7,0.1,0.3,0,0.3,1.2,1,,thierad01
481,Drew Timme,25,LAL,PF,2,0,4,0.5,1,0.5,0,0.5,0,0.5,0.5,1,0.5,0,0,,0.5,0.5,1,1.5,0.5,0,0,0,1,,timmedr01
482,Mohamed Diawara,20,NYK,SF,18,1,4.1,0.4,1.1,0.368,0.1,0.4,0.25,0.3,0.6,0.455,0.421,0.1,0.2,0.25,0.2,0.6,0.8,0.5,0.2,0.1,0.4,0.6,0.9,,diawamo01
483,Bismack Biyombo,33,SAS,C,9,1,6.8,0.3,0.6,0.6,0,0,,0.3,0.6,0.6,0.6,0.1,0.2,0.5,0.2,0.6,0.8,0.3,0.3,0.1,0.3,1.1,0.8,,biyombi01
484,N'Faly Dante,24,ATL,C,4,0,3.8,0.3,1,0.25,0,0,,0.3,1,0.25,0.25,0.3,0.3,1,0.8,1,1.8,0,0.5,0,0.3,0.3,0.8,,nfalyda01
485,Drew Peterson,26,CHO,PF,6,0,10.7,0.3,2.7,0.125,0,2,0,0.3,0.7,0.5,0.125,0.2,0.3,0.5,0.5,1,1.5,0.3,0.5,0.2,0,0.5,0.8,,peterdr01
486,Garrett Temple,39,TOR,SG,5,0,3.8,0.2,0.8,0.25,0.2,0.6,0.333,0,0.2,0,0.375,0.2,0.4,0.5,0,0.4,0.4,0.2,0.4,0.2,0.2,0.4,0.8,,templga01
487,AJ Johnson,21,WAS,SG,11,0,4.4,0.2,1.4,0.133,0,0.3,0,0.2,1.1,0.167,0.133,0.3,0.4,0.75,0.2,0.5,0.6,0.5,0,0,0.2,0.4,0.6,,johnsaj01
488,Amari Williams,24,BOS,PF,6,0,5.2,0.2,0.3,0.5,0,0,,0.2,0.3,0.5,0.5,0.2,0.3,0.5,0.3,0.8,1.2,0.2,0.2,0.3,0,0.7,0.5,,william01
489,Pacome Dadiet,20,NYK,SG,10,0,2.5,0.1,0.6,0.167,0,0.3,0,0.1,0.3,0.333,0.167,0.2,0.2,1,0,0.5,0.5,0.3,0.1,0,0,0.1,0.4,,dadiepa01
490,Lachlan Olbrich,22,CHI,C,5,0,7.2,0.2,1.2,0.167,0,0.6,0,0.2,0.6,0.333,0.167,0,0,,0.6,1.6,2.2,0.6,0,0,0.4,1.6,0.4,,olbrila01
491,Jahmyl Telfort,24,LAC,PF,8,0,4,0,0.5,0,0,0.5,0,0,0,,0,0.1,0.5,0.25,0,0.4,0.4,0.1,0.1,0,0.1,0.6,0.1,,telfoja01
492,Sharife Cooper,24,WAS,PG,4,0,2.5,0,0.3,0,0,0.3,0,0,0,,0,0,0,,0,0,0,0,0,0,0.3,0.3,0,,coopesh01
493,Isaiah Crawford,24,HOU,SF,2,0,2.5,0,0.5,0,0,0.5,0,0,0,,0,0,0,,0,0,0,0,0,0,0,0,0,,crawfis01
494,Noa Essengue,19,CHI,PF,2,0,3,0,1.5,0,0,1,0,0,0.5,0,0,0,0,,0,0,0,0,0.5,0,0,0.5,0,,essenno01
495,Tosan Evbuomwan,24,NYK,SF,4,0,1.8,0,0.3,0,0,0,,0,0.3,0,0,0,0,,0.3,0.3,0.5,0,0,0,0,0.3,0,,evbuoto01
496,Chucky Hepburn,22,TOR,PG,2,0,6.5,0,3,0,0,2.5,0,0,0.5,0,0,0,0,,0,0.5,0.5,1,0.5,0,0.5,1,0,,hepbuch01
497,Joe Ingles,38,MIN,SF,8,0,2.9,0,0.3,0,0,0.3,0,0,0,,0,0,0,,0,0,0,0.8,0.1,0,0,0.3,0,,inglejo01
498,Christian Koloko,25,LAL,C,2,0,3,0,0,,0,0,,0,0,,,0,0,,0,0.5,0.5,0,0,0,0,0.5,0,,kolokch01
499,Chris Mañon,24,LAL,SG,2,0,3.5,0,0.5,0,0,0.5,0,0,0,,0,0,0,,0,1,1,0,0,0.5,0,1,0,,manonch01
500,Alijah Martin,24,TOR,SG,2,0,3.5,0,0.5,0,0,0,,0,0.5,0,0,0,0,,0,0,0,0,0.5,0,0,0,0,,martial01
,League Average,,,,,,,,,0.47,,,0.359,,,0.548,0.544,,,0.787,,,,,,,,,,,-9999